url,comment
https://www.instagram.com/p/CD1-_RQDB_J/,Senate: â€œWhat is it? Whatâ€™s this Federal Fofense you speak of?â€ ğŸ¤”
https://www.instagram.com/p/CD1-_RQDB_J/,ğŸ˜¢ğŸ˜¢
https://www.instagram.com/p/CD1-_RQDB_J/,ğŸ‘Œ
https://www.instagram.com/p/CD1-_RQDB_J/,ğŸ”¥
https://www.instagram.com/p/CD1-_RQDB_J/,Add it to the list... such a long list.
https://www.instagram.com/p/CD1-_RQDB_J/,"Things actually changed when I started investing with @aldrichfx_official in bitcoin. I invested $1000 and got $13,000. It was something I never expected."
https://www.instagram.com/p/CD16yDig7iQ/,I ainâ€™t wearinâ€™ shit!
https://www.instagram.com/p/CD16yDig7iQ/,Joe/Kamala China 2020. Get the hell out of the USA
https://www.instagram.com/p/CD16yDig7iQ/,"Three months, huh? Interesting. ğŸ‡ºğŸ‡¸"
https://www.instagram.com/p/CD16yDig7iQ/,Keep reading the propter
https://www.instagram.com/p/CD16yDig7iQ/,Good way to be hated more instantly !!!!!!!
https://www.instagram.com/p/CD16yDig7iQ/,Masks do more harm than good
https://www.instagram.com/p/CD16yDig7iQ/,ğŸ‘ğŸ‘ğŸ‘ he got 3 full sentences out
https://www.instagram.com/p/CD16yDig7iQ/,ğ˜ ğ˜¦ğ˜´ ğ˜´ğ˜©ğ˜¦â€™ğ˜´ ğ˜³ğ˜¦ğ˜¢ğ˜­ @shirley_michell_forex ğ˜ªğ˜´ ğ˜¢ ğ˜µğ˜³ğ˜¶ğ˜¦ ğ˜¦ğ˜¹ğ˜±ğ˜¦ğ˜³ğ˜µ ğ˜µğ˜³ğ˜¢ğ˜¥ğ˜¦ğ˜³ ğ˜°ğ˜¯ ğ˜ğ˜°ğ˜³ğ˜¦ğ˜¹ ğ˜›ğ˜³ğ˜¢ğ˜¥ğ˜ªğ˜¯ğ˜¨ ğ˜¢ğ˜¯ğ˜¥ ğ˜‰ğ˜ªğ˜µğ˜¤ğ˜°ğ˜ªğ˜¯ ğ˜”ğ˜ªğ˜¯ğ˜ªğ˜¯ğ˜¨ ğ˜¸ğ˜ªğ˜µğ˜© $500 ğ˜ ğ˜¦ğ˜¢ğ˜³ğ˜¯ğ˜¦ğ˜¥ $5600 ğ˜¸ğ˜ªğ˜µğ˜©ğ˜ªğ˜¯ 5ğ˜¥ğ˜¢ğ˜ºğ˜´
https://www.instagram.com/p/CD16yDig7iQ/,communist
https://www.instagram.com/p/CD16yDig7iQ/,Your an idiot .. shove a mask up your ass snowflake
https://www.instagram.com/p/CD16yDig7iQ/,3 months. the time of election
https://www.instagram.com/p/CD16yDig7iQ/,And a big ass FU you to pedo sniffy joe! TRUMP 2020
https://www.instagram.com/p/CD16yDig7iQ/,"Welcome to the New World Order. First the left imposes one single ruling agenda, next step there will be only one government running the entire world. 1984 should be renamed 2020, the year Big Brother took over control."
https://www.instagram.com/p/CD16yDig7iQ/,I guess he is not an American
https://www.instagram.com/p/CD16yDig7iQ/,"No. Fucking. Way. You can find my Mask-less face outside, Joe. Try to catch me."
https://www.instagram.com/p/CD16yDig7iQ/,So boring.....
https://www.instagram.com/p/CD16yDig7iQ/,Fuck off!!!!!
https://www.instagram.com/p/CD16yDig7iQ/,It least wear them through the election ... as we in Cali are so programmed to do .. itâ€™s all B.S.
https://www.instagram.com/p/CD16yDig7iQ/,"Fuckin Shit Show Joe ""All ate up with dumbass!"""
https://www.instagram.com/p/CD16yDig7iQ/,ğŸ–•ğŸ–•ğŸ–•ğŸ–•ğŸ–•ğŸ–•
https://www.instagram.com/p/CD16yDig7iQ/,If he wins it will be masks forever. Well be china from then on
https://www.instagram.com/p/CD16yDig7iQ/,I feel like hes gonna pass out from just giving this address lol he doesnt need the white house he needa retirement home
https://www.instagram.com/p/CD16yDig7iQ/,3 months. Hmmm. That ends in November. Coincidence?
https://www.instagram.com/p/CD16yDig7iQ/,Why isn't he wearing one
https://www.instagram.com/p/CD1zov1l2v1/,ğŸ‡ºğŸ‡¸ğŸ‡ºğŸ‡¸ğŸ‡ºğŸ‡¸ğŸ‡ºğŸ‡¸
https://www.instagram.com/p/CD1zov1l2v1/,Ah yes exploiting your own fake news for likes
https://www.instagram.com/p/CD1zov1l2v1/,ğ—˜ğ—®ğ—¿ğ—» ğ˜„ğ—¶ğ˜ğ—µ @tradecrypto677 ğŸ”¥ğŸ”¥ğŸ”¥
https://www.instagram.com/p/CD1zov1l2v1/,"He's a better trading manager, Contact him if you want to gain financial stability early in life @liamengelkramer"
https://www.instagram.com/p/CD1zov1l2v1/,Yep
https://www.instagram.com/p/CD1zov1l2v1/,My comments keep getting removed
https://www.instagram.com/p/CD1zov1l2v1/,ğŸ˜³ğŸ‘ğŸ»ğŸ‘ğŸ»
https://www.instagram.com/p/CD1zov1l2v1/,"Yo, Iâ€™m pretty sure I just got hella shadow banned. I posted something about Kamala in my story, they slammed it as fact check, I followed up with story posts defending my position, and now zero people are seeing my story. Iâ€™ve been getting around 200 views. Not a lot but now itâ€™s a whopping zero ğŸ™„"
https://www.instagram.com/p/CD1zov1l2v1/,â¤ï¸ğŸ‡ºğŸ‡¸â¤ï¸ğŸ‡ºğŸ‡¸â¤ï¸ğŸ‡ºğŸ‡¸â¤ï¸
https://www.instagram.com/p/CD1zov1l2v1/,ğ“Ÿğ“¸ğ“µğ“µğ“¼ ğ“¸ğ“· ğ“¶ğ”‚ ğ“¼ğ“½ğ“¸ğ“»ğ”‚ ğ“²ğ“¯ ğ”‚ğ“¸ğ“¾â€™ğ“»ğ“® ğ“«ğ“¸ğ“»ğ“®ğ“­ ğŸ’™ğŸ¤
https://www.instagram.com/p/CD1zov1l2v1/,"ğ™´ğšŠğš›ğš— $ğŸ¾,ğŸ»ğŸ¶ğŸ¶ ğšğš›ğš˜ğš– @shirley_michell_forex"
https://www.instagram.com/p/CD1zov1l2v1/,ğ˜ ğ˜¦ğ˜´ ğ˜´ğ˜©ğ˜¦â€™ğ˜´ ğ˜³ğ˜¦ğ˜¢ğ˜­ @shirley_michell_forex ğ˜ªğ˜´ ğ˜¢ ğ˜µğ˜³ğ˜¶ğ˜¦ ğ˜¦ğ˜¹ğ˜±ğ˜¦ğ˜³ğ˜µ ğ˜µğ˜³ğ˜¢ğ˜¥ğ˜¦ğ˜³ ğ˜°ğ˜¯ ğ˜ğ˜°ğ˜³ğ˜¦ğ˜¹ ğ˜›ğ˜³ğ˜¢ğ˜¥ğ˜ªğ˜¯ğ˜¨ ğ˜¢ğ˜¯ğ˜¥ ğ˜‰ğ˜ªğ˜µğ˜¤ğ˜°ğ˜ªğ˜¯ ğ˜”ğ˜ªğ˜¯ğ˜ªğ˜¯ğ˜¨ ğ˜¸ğ˜ªğ˜µğ˜© $500 ğ˜ ğ˜¦ğ˜¢ğ˜³ğ˜¯ğ˜¦ğ˜¥ $5600 ğ˜¸ğ˜ªğ˜µğ˜©ğ˜ªğ˜¯ 5ğ˜¥ğ˜¢ğ˜ºğ˜´
https://www.instagram.com/p/CD1zov1l2v1/,"Not shadow banned, look at the likes. Just trying to get followers to a specific account. Itâ€™s an influencer marketing technique."
https://www.instagram.com/p/CD1zov1l2v1/,"Shadow banning is a real problem, quit using it to advertise"
https://www.instagram.com/p/CD1zov1l2v1/,Of course I see this. Iâ€™m following you
https://www.instagram.com/p/CD1zov1l2v1/,Yep
https://www.instagram.com/p/CD1zov1l2v1/,ğŸ‘
https://www.instagram.com/p/CD1zov1l2v1/,@Josephine.micheal.fx.trade can turn your life around within a few weeks trading crypto currency with her.
https://www.instagram.com/p/CD1zov1l2v1/,U lose credibility by postin dumb shit like this bro how stupid do u think ur followers are?
https://www.instagram.com/p/CD1zov1l2v1/,I agree.
https://www.instagram.com/p/CD1zov1l2v1/,"Things actually changed when I started investing with @aldrichfx_official in bitcoin. I invested $1000 and got $13,000. It was something I never expected."
https://www.instagram.com/p/CD1zov1l2v1/,Done âœ…
https://www.instagram.com/p/CD1zov1l2v1/,What can we do about it
https://www.instagram.com/p/CD1zov1l2v1/,#americansfortrump2020 #SaveOurChildren
https://www.instagram.com/p/CD2YqMDAbHg/,#conservative #trump #maga #republican #politics #donaldtrump #usa #kag #america #liberal #makeamericagreatagain #trumptrain #freedom #democrat #conservativememes #libertarian #keepamericagreat #a #americafirst #draintheswamp #rightwing #conservatives #prolife #republicans #gop #walkaway #memes #democrats #buildthewall #bhfyp
https://www.instagram.com/p/CD2YqMDAbHg/,Ok I follow you
https://www.instagram.com/p/CD2YqMDAbHg/,Boo hoo go cry about it
https://www.instagram.com/p/CD2YqMDAbHg/,Wow! Great pic! Letâ€™s colab
https://www.instagram.com/p/CD2YqMDAbHg/,ğŸ¤¡ğŸ¤¡
https://www.instagram.com/p/CD2YqMDAbHg/,We're shadow and by everyone
https://www.instagram.com/p/CD2YqMDAbHg/,"Follow me, and you'll be, in a world of pure exaggeration. How many times we gonna follow some other account because this one is being shadow banned? You think your other account is safeğŸ¤·â€â™‚ï¸"
https://www.instagram.com/p/CD2YqMDAbHg/,ğŸ‘ğŸ»
https://www.instagram.com/p/CD2YqMDAbHg/,If you love Trump and America you should be following @projectintellectus! We are being shadow banned by Instagram. Follow and help us fight big tech!
https://www.instagram.com/p/CD2YqMDAbHg/,ğŸ˜˜
https://www.instagram.com/p/CD2YqMDAbHg/,Trump 2020ğŸ‡ºğŸ‡¸ğŸ‡ºğŸ‡¸
https://www.instagram.com/p/CD2YqMDAbHg/,â™¥ï¸
https://www.instagram.com/p/CD2YqMDAbHg/,"ğ™´ğšŠğš›ğš— $ğŸ¾,ğŸ»ğŸ¶ğŸ¶ ğšğš›ğš˜ğš– @shirley_michell_forex"
https://www.instagram.com/p/CD2YqMDAbHg/,Report this page ğŸ‘
https://www.instagram.com/p/CD2YqMDAbHg/,TRUMP 2020
https://www.instagram.com/p/CD1ujKzAbKj/,How's this ğŸ–• for privilege?
https://www.instagram.com/p/CD1ujKzAbKj/,saw this last night on tik tok &â€™ youâ€™d say this makes him privileged right? ğŸ˜‚
https://www.instagram.com/p/CD1ujKzAbKj/,I had 7 left and I'm white lol
https://www.instagram.com/p/CD1ujKzAbKj/,Lol
https://www.instagram.com/p/CD1ujKzAbKj/,ğŸ¤£ğŸ’¯ğŸ’¯ğŸ‡ºğŸ‡¸
https://www.instagram.com/p/CD1ujKzAbKj/,6 -Iâ€™m white
https://www.instagram.com/p/CD1ujKzAbKj/,I had the same 2 fingers down! Right on!!!
https://www.instagram.com/p/CD1ujKzAbKj/,Put a finger up if you feel this bitch is dumb as fuck ğŸ–•
https://www.instagram.com/p/CD1ujKzAbKj/,ğŸ˜ @henrywinkerton have you checked your privilege ?
https://www.instagram.com/p/CD1ujKzAbKj/,Where can I get that shirt??? ğŸ‡ºğŸ‡¸ğŸ‡ºğŸ‡¸ğŸ‡ºğŸ‡¸
https://www.instagram.com/p/CD1ujKzAbKj/,"Huh, Iâ€™m white and had 4 fingers left...crazy how it doesnâ€™t support their narrative."
https://www.instagram.com/p/CD1ujKzAbKj/,Iâ€™m black and I have 8 left
https://www.instagram.com/p/CD1ujKzAbKj/,"This is what liberals do, make blacks feel sorry for themselves"
https://www.instagram.com/p/CD1ujKzAbKj/,He cuteğŸ˜Š
https://www.instagram.com/p/CD1ujKzAbKj/,How many fingers for the white family who's little boy was shot dead in the head? How privileged are they?
https://www.instagram.com/p/CD2d8EVJuQk/,Yas...
https://www.instagram.com/p/CD2d8EVJuQk/,"If anyone said what tr*mp said to a coworker, they would probably be firedğŸ˜­ this man doesnt even cares about his professionalism"
https://www.instagram.com/p/CD2d8EVJuQk/,ğŸ™‡ğŸ¾â€â™€ï¸ğŸ™‡ğŸ¾â€â™€ï¸ğŸ™‡ğŸ¾â€â™€ï¸ğŸ™‡ğŸ¾â€â™€ï¸ğŸ™‡ğŸ¾â€â™€ï¸
https://www.instagram.com/p/CD2d8EVJuQk/,As much as there r things that trump does n says that is dumb aoc is in my opinion a sincere dumbass literally.
https://www.instagram.com/p/CD2d8EVJuQk/,"ğ™´ğšŠğš›ğš— $ğŸ¾,ğŸ»ğŸ¶ğŸ¶ ğšğš›ğš˜ğš– @shirley_michell_forex"
https://www.instagram.com/p/CD2d8EVJuQk/,AOC 2024
https://www.instagram.com/p/CD2d8EVJuQk/,ğŸ™ŒğŸ™ŒğŸ™ŒğŸ™ŒğŸ™Œ
https://www.instagram.com/p/CD2d8EVJuQk/,911 thereâ€™s been a murder
https://www.instagram.com/p/CD2d8EVJuQk/,ğ˜ ğ˜¦ğ˜´ ğ˜´ğ˜©ğ˜¦â€™ğ˜´ ğ˜³ğ˜¦ğ˜¢ğ˜­ @shirley_michell_forex ğ˜ªğ˜´ ğ˜¢ ğ˜µğ˜³ğ˜¶ğ˜¦ ğ˜¦ğ˜¹ğ˜±ğ˜¦ğ˜³ğ˜µ ğ˜µğ˜³ğ˜¢ğ˜¥ğ˜¦ğ˜³ ğ˜°ğ˜¯ ğ˜ğ˜°ğ˜³ğ˜¦ğ˜¹ ğ˜›ğ˜³ğ˜¢ğ˜¥ğ˜ªğ˜¯ğ˜¨ ğ˜¢ğ˜¯ğ˜¥ ğ˜‰ğ˜ªğ˜µğ˜¤ğ˜°ğ˜ªğ˜¯ ğ˜”ğ˜ªğ˜¯ğ˜ªğ˜¯ğ˜¨ ğ˜¸ğ˜ªğ˜µğ˜© $500 ğ˜ ğ˜¦ğ˜¢ğ˜³ğ˜¯ğ˜¦ğ˜¥ $5600 ğ˜¸ğ˜ªğ˜µğ˜©ğ˜ªğ˜¯ 5ğ˜¥ğ˜¢ğ˜ºğ˜´
https://www.instagram.com/p/CD2d8EVJuQk/,Says the one who became a bartenderğŸ¤£ğŸ¤£ğŸ¤¡
https://www.instagram.com/p/CD2d8EVJuQk/,This queennnğŸ˜ğŸ˜‚ğŸ˜‚
https://www.instagram.com/p/CD2d8EVJuQk/,"I don't think Aoc does research, I'm pretty sure she just wings it and hopes."
https://www.instagram.com/p/CD2d8EVJuQk/,DAYYYYYUM!!!! Could we do this for real though
https://www.instagram.com/p/CD2d8EVJuQk/,LOVE her
https://www.instagram.com/p/CD2d8EVJuQk/,ğŸ”ŠğŸ”ŠğŸ”ŠğŸ”Š
https://www.instagram.com/p/CD2d8EVJuQk/,How about we see who made more money after college?
https://www.instagram.com/p/CD2d8EVJuQk/,omg i canâ€™t with her what a queen
https://www.instagram.com/p/CD2d8EVJuQk/,ğ“Ÿğ“¸ğ“µğ“µğ“¼ ğ“¸ğ“· ğ“¶ğ”‚ ğ“¼ğ“½ğ“¸ğ“»ğ”‚ ğ“²ğ“¯ ğ”‚ğ“¸ğ“¾â€™ğ“»ğ“® ğ“«ğ“¸ğ“»ğ“®ğ“­ ğŸ’™ğŸ¤
https://www.instagram.com/p/CD2d8EVJuQk/,AOC ğŸ’–ğŸ’–ğŸ’–ğŸ”¥ğŸ”¥ğŸ”¥ğŸ™ŒğŸ™ŒğŸ™Œ
https://www.instagram.com/p/CD2d8EVJuQk/,and yet they say biden is the one who can't speak?? lmaooo
https://www.instagram.com/p/CD2d8EVJuQk/,Sad thing is thereâ€™s a possibility he has better grades only cuz daddy bought them
https://www.instagram.com/p/CD2d8EVJuQk/,"Mail in voter fraud is a serious issue though, let's not down play it"
https://www.instagram.com/p/CD2d8EVJuQk/,SHES SO AMAZING
https://www.instagram.com/p/CD2d8EVJuQk/,She graduated Cum Laude so unless he graduated Summa Cum Laude she wins
https://www.instagram.com/p/CD2Kt6-g0e-/,Home of the racistğŸ’
https://www.instagram.com/p/CD2Kt6-g0e-/,uh.. noâ¤ï¸
https://www.instagram.com/p/CD2Kt6-g0e-/,Keep this shit off of the BLM tag
https://www.instagram.com/p/CD2Kt6-g0e-/,it's only free for cis straight white men ğŸ™ˆ
https://www.instagram.com/p/CD2Kt6-g0e-/,Gross.
https://www.instagram.com/p/CD2Kt6-g0e-/,NoğŸ˜»
https://www.instagram.com/p/CD2Kt6-g0e-/,Good luck!
https://www.instagram.com/p/CD2Kt6-g0e-/,Seattle the violent shitshow.
https://www.instagram.com/p/CD2Kt6-g0e-/,fuc trump
https://www.instagram.com/p/CD2Kt6-g0e-/,more like home of the racist and entitled ğŸ˜ğŸ¥°
https://www.instagram.com/p/CD2Kt6-g0e-/,EWWWWWWWWWWa racist burn it
https://www.instagram.com/p/CD2Kt6-g0e-/,"ğ‡ğ¨ğ§ğğ¬ğ­ğ¥ğ² ğˆ ğ°ğšğ§ğ­ ğ­ğ¨ ğ­ğ¡ğšğ§ğ¤ ğŒğ« @abbott_rogers ğ°ğ¡ğ¨ ğ¡ğšğ¬ ğ›ğ«ğ¨ğ®ğ ğ¡ğ­ ğ¥ğ¢ğ ğ¡ğ­ ğ­ğ¨ ğ¦ğ² ğ¥ğ¢ğŸğ ğšğ§ğ ğŸğšğ¦ğ¢ğ¥ğ², ğˆ ğ¢ğ§ğ¯ğğ¬ğ­ğğ ğ°ğ¢ğ­ğ¡ ğ¡ğ ğˆ ğ°ğšğ¬ ğ©ğšğ­ğ¢ğğ§ğ­ ğšğŸğ­ğğ« ğ¬ğğ¯ğğ§ ğğšğ²ğ¬ ğ¨ğŸ ğ­ğ«ğšğğ¢ğ§ğ  ğˆ ğ«ğğœğğ¢ğ¯ğ ğ¦ğ² ğ©ğ«ğ¨ğŸğ¢ğ­ ğ£ğ®ğ¬ğ­ ğšğ¬ ğ¡ğ¨ğ° ğˆ ğ°ğšğ¬ ğ©ğ«ğ¨ğ¦ğ¢ğ¬ğğ ğ›ğ² ğ¡ğ ğœğ¨ğ§ğ­ğšğœğ­ ğ¡im ğŸğ¨ğ« ğ¡ğğ¥ğ© @abbott_rogers"
https://www.instagram.com/p/CD2Kt6-g0e-/,Land of the covfefe & home of the depraved
https://www.instagram.com/p/CD2Kt6-g0e-/,Can I join your Marxist Resistance Movement?
https://www.instagram.com/p/CD2Kt6-g0e-/,American woman ğŸ¸
https://www.instagram.com/p/CD2Kt6-g0e-/,AmenğŸ‘
https://www.instagram.com/p/CD2Kt6-g0e-/,HAHAHAHA!!
https://www.instagram.com/p/CD2Kt6-g0e-/,I'm putting my proceeds to good use. I can live my best life and not stress much over my kids welfare. Thanks to @andreas_vasyklo
https://www.instagram.com/p/CD2Kt6-g0e-/,LMAO ğŸ˜‚ gtfo Karen
https://www.instagram.com/p/CD2Kt6-g0e-/,You mean Scotland?
https://www.instagram.com/p/CD2Kt6-g0e-/,ironic how itâ€™s land of the free yet yâ€™all have kids in cages.
https://www.instagram.com/p/CD2Kt6-g0e-/,I threw up outta my b00ty
https://www.instagram.com/p/CD2Kt6-g0e-/,since when was it land of the free? ğŸ¤”
https://www.instagram.com/p/CD2Kt6-g0e-/,whoâ€™s free? white men? white people with money?
https://www.instagram.com/p/CD2Vkw-lXvF/,A good even mix
https://www.instagram.com/p/CD2Vkw-lXvF/,Bothâ¤ï¸ğŸ‡ºğŸ‡¸
https://www.instagram.com/p/CD2Vkw-lXvF/,Pardon pour moi elle ressemble Ã  sa mÃ¨re
https://www.instagram.com/p/CD2Vkw-lXvF/,Both
https://www.instagram.com/p/CD2Vkw-lXvF/,His dad
https://www.instagram.com/p/CD2Vkw-lXvF/,Both
https://www.instagram.com/p/CD2Vkw-lXvF/,Melania is more beautiful every year.
https://www.instagram.com/p/CD2Vkw-lXvF/,Both he looks like you both:)
https://www.instagram.com/p/CD2Vkw-lXvF/,His dad
https://www.instagram.com/p/CD2Vkw-lXvF/,Barron looks like both of his parents
https://www.instagram.com/p/CD2Vkw-lXvF/,Dad but l see mom in him too. Handsome young man
https://www.instagram.com/p/CD2Vkw-lXvF/,His dad mostly
https://www.instagram.com/p/CD2Vkw-lXvF/,His dad
https://www.instagram.com/p/CD2Vkw-lXvF/,I see both. His mom and dad
https://www.instagram.com/p/CD2Vkw-lXvF/,"Oh boy, He looks like his Dad lo"
https://www.instagram.com/p/CD2Vkw-lXvF/,Both of you!
https://www.instagram.com/p/CD2Vkw-lXvF/,Daddy 100%â¤ï¸
https://www.instagram.com/p/CD2Vkw-lXvF/,"LOOKS like Dad for sure. However, he has good genes with Mom AND Dad. Success in the making. â™¥ï¸"
https://www.instagram.com/p/CD2Vkw-lXvF/,Handsome â£ï¸ great genes
https://www.instagram.com/p/CD2Vkw-lXvF/,Pops but thatâ€™s good he will also lead our country! Trump2020
https://www.instagram.com/p/CD2Vkw-lXvF/,Lovely picture ğŸ˜ğŸ™
https://www.instagram.com/p/CD2Vkw-lXvF/,Both!! Very handsome..
https://www.instagram.com/p/CD2Vkw-lXvF/,Both!!! Handsome young man!
https://www.instagram.com/p/CD2Vkw-lXvF/,Both
https://www.instagram.com/p/CD159wNpcPP/,They donâ€™t WANT to listen ğŸ‘‚ #smh
https://www.instagram.com/p/CD159wNpcPP/,"This amazing David, love how patriotic you are and how much truth you spread about our fantastic President Trump, amazing and really sickening what the media has done to peoples brains...God Bless you and President Trump and wishing only health and safety to you and your family!â¤ï¸ğŸ‡ºğŸ‡¸ğŸ¥‚"
https://www.instagram.com/p/CD159wNpcPP/,Epic!
https://www.instagram.com/p/CD159wNpcPP/,You canâ€™t talk to these people. Just give it up. Donâ€™t waste your timeğŸ‡ºğŸ‡¸ğŸ‡ºğŸ‡¸ğŸ‡ºğŸ‡¸ğŸ‡ºğŸ‡¸ğŸ‡ºğŸ‡¸ğŸ‡ºğŸ‡¸
https://www.instagram.com/p/CD159wNpcPP/,Keep fighting the good fight brother!
https://www.instagram.com/p/CD159wNpcPP/,"Thanks for trying to educate the people, some just will never hear it! Keep speaking the truth."
https://www.instagram.com/p/CD159wNpcPP/,@psnuggs89 Please watch this...
https://www.instagram.com/p/CD159wNpcPP/,"Did anyone actually expect her to say, oh, I didnâ€™t know he was such a great president. Now I donâ€™t hate him. Itâ€™s human nature not to admit you were so dumb and wrong. Sort of like when ur wife walks in with you having sex with another female and you tell her itâ€™s not what you think it is!"
https://www.instagram.com/p/CD159wNpcPP/,So sad ...ğŸ‡ºğŸ‡¸ğŸ‡ºğŸ‡¸ğŸ‡ºğŸ‡¸ğŸ‡ºğŸ‡¸ğŸ‡ºğŸ‡¸ğŸ‡ºğŸ‡¸ğŸ‡ºğŸ‡¸ğŸ‡ºğŸ‡¸ğŸ‡ºğŸ‡¸
https://www.instagram.com/p/CD159wNpcPP/,Lol. Itâ€™s like people donâ€™t care about facts. Just emotions. #pathetic
https://www.instagram.com/p/CD159wNpcPP/,ğŸ‘
https://www.instagram.com/p/CD159wNpcPP/,Keep fighting the good fight
https://www.instagram.com/p/CD159wNpcPP/,Many thanks
https://www.instagram.com/p/CD159wNpcPP/,Love this â¤ï¸
https://www.instagram.com/p/CD159wNpcPP/,People think too emotionally when it comes to leaders; negating positive accomplishments based on how you feel isnâ€™t the right way to elect leaders.
https://www.instagram.com/p/CD159wNpcPP/,Donâ€™t give up David ğŸ‘ğŸ»
https://www.instagram.com/p/CD159wNpcPP/,Girl got something up her ass ğŸ˜­ğŸ˜‚
https://www.instagram.com/p/CD159wNpcPP/,"Keep it up, David!!"
https://www.instagram.com/p/CD159wNpcPP/,ğŸ’ªğŸ’ª
https://www.instagram.com/p/CD159wNpcPP/,Lol
https://www.instagram.com/p/CD159wNpcPP/,This is so good
https://www.instagram.com/p/CD159wNpcPP/,Thank you
https://www.instagram.com/p/CD159wNpcPP/,Is that Chipotle
https://www.instagram.com/p/CD159wNpcPP/,That woman just needed a little more time and your awesome calm energy
https://www.instagram.com/p/CD1i8rEH1_T/,ĞĞ°Ğ´ĞµÑÑÑŒ Ğ½Ğµ ÑĞ¼ĞµÑ…Ğ° Ñ€Ğ°Ğ´Ğ¸ Ğ´ĞµĞ»Ğ°Ğ»Ğ¸ Ğ·Ğ½Ğ°ĞµĞ¼ Ğ¿Ğ¾Ğ±ĞµĞ´Ñ‹ Ğ² Ğ¾Ñ‚Ğ²ĞµÑ‚ Ğ´ĞµĞ²ÑƒÑˆĞºĞ°Ğ¼
https://www.instagram.com/p/CD1i8rEH1_T/,Ğ Ğ¾ÑÑĞ¸Ñ Ñ Ğ²Ğ°Ğ¼Ğ¸ !
https://www.instagram.com/p/CD1i8rEH1_T/,"Ğ¡Ğ¾Ğ»Ğ´Ğ°Ñ‚Ñ‹ , Ğ¸ Ğ´Ñ€ÑƒĞ³Ğ¸Ğµ ÑĞ¸Ğ»Ñ‹ ÑƒĞ¶Ğµ ÑĞ°Ğ¼Ğ¸ Ñ‡ÑƒĞ²ÑÑ‚Ğ²ÑƒÑÑ‚ Ğ¿Ğ¾Ñ€Ğ°Ğ¶ĞµĞ½Ğ¸Ğµ , Ğ¸ Ğ½Ğµ Ñ…Ğ¾Ñ‚ÑÑ‚ ÑƒÑ…Ğ¾Ğ´Ğ¸Ñ‚ÑŒ Ğ¸Ğ· ÑĞ¸Ğ» , Ğ¸Ğ·-Ğ·Ğ° Ğ¾Ğ´Ğ½Ğ¾Ğ³Ğ¾ Ñ‡ĞµĞ»Ğ¾Ğ²ĞµĞºĞ°!"
https://www.instagram.com/p/CD1gxF7hri3/,"I can't believe this. A great testimony that i must share to all HER- PES patient in the world i never believed that
their could be any complete cure for HERPES or any cure for HERPES, i sauw people's testimony on sites of how @oriaghan_cure_home helped them with the cure of HERPES. i had to try it to and you can't believe that in just few weeks i started using it all my pains stopped so I had to go and meet my doctor to see if I still hawe herpes but to my greatest surprise I was negative, thank you so much @oriaghan_cure_home
i really appreciate
@oriaghan_cure_home"
https://www.instagram.com/p/CD1gxF7hri3/,*sigh*
https://www.instagram.com/p/CD1gxF7hri3/,"lesbians donâ€™t even watch lesbian porn, smh"
https://www.instagram.com/p/CD1gxF7hri3/,Y did i think he was from fake taxi
https://www.instagram.com/p/CD1pAgggd9D/,Middle fingers up! ğŸ˜‚ğŸ˜‚ğŸ–•ğŸ¾
https://www.instagram.com/p/CD1pAgggd9D/,Trump 2020ğŸ‡ºğŸ‡¸ğŸ‡ºğŸ‡¸
https://www.instagram.com/p/CD1pAgggd9D/,ğŸ‘½ğŸ‘½ğŸ‘½ğŸ‘½ğŸ‘½ğŸ‘½ğŸ‘½ğŸ‘½ğŸ‘½Trump is a lying con man
https://www.instagram.com/p/CD1pAgggd9D/,2020 trump.train ... just say'n
https://www.instagram.com/p/CD1pAgggd9D/,"ğ™´ğšŠğš›ğš— $ğŸ¾,ğŸ»ğŸ¶ğŸ¶ ğšğš›ğš˜ğš– @shirley_michell_forex"
https://www.instagram.com/p/CD1pAgggd9D/,ğ˜ ğ˜¦ğ˜´ ğ˜´ğ˜©ğ˜¦â€™ğ˜´ ğ˜³ğ˜¦ğ˜¢ğ˜­ @shirley_michell_forex ğ˜ªğ˜´ ğ˜¢ ğ˜µğ˜³ğ˜¶ğ˜¦ ğ˜¦ğ˜¹ğ˜±ğ˜¦ğ˜³ğ˜µ ğ˜µğ˜³ğ˜¢ğ˜¥ğ˜¦ğ˜³ ğ˜°ğ˜¯ ğ˜ğ˜°ğ˜³ğ˜¦ğ˜¹ ğ˜›ğ˜³ğ˜¢ğ˜¥ğ˜ªğ˜¯ğ˜¨ ğ˜¢ğ˜¯ğ˜¥ ğ˜‰ğ˜ªğ˜µğ˜¤ğ˜°ğ˜ªğ˜¯ ğ˜”ğ˜ªğ˜¯ğ˜ªğ˜¯ğ˜¨ ğ˜¸ğ˜ªğ˜µğ˜© $500 ğ˜ ğ˜¦ğ˜¢ğ˜³ğ˜¯ğ˜¦ğ˜¥ $5600 ğ˜¸ğ˜ªğ˜µğ˜©ğ˜ªğ˜¯ 5ğ˜¥ğ˜¢ğ˜ºğ˜´
https://www.instagram.com/p/CD1pAgggd9D/,"ğŸ¤£ğŸ¤£ğŸ¤£ And the republicans are thanking god for stupid, uneducated people"
https://www.instagram.com/p/CD1pAgggd9D/,ğŸ˜‚ğŸ™ŒğŸ¼ğŸ™ŒğŸ¼ğŸ™ŒğŸ¼
https://www.instagram.com/p/CD1pAgggd9D/,How I feel every time I see a trump sign
https://www.instagram.com/p/CD1pAgggd9D/,Comes from the other place...d
https://www.instagram.com/p/CD1pAgggd9D/,This made me puke ğŸ¤¢
https://www.instagram.com/p/CD1pAgggd9D/,Psycho
https://www.instagram.com/p/CD1pAgggd9D/,What dark God of lies and menacing madness does that man serve?
https://www.instagram.com/p/CD1pAgggd9D/,ğŸ˜‚ğŸ˜‚ğŸ˜‚ğŸ˜‚ Trump's God is a lot different than I thought he would be cuz if you haven't noticed the world is burning downğŸ”¥ğŸ”¥ğŸ”¥ğŸ”¥ğŸ”¥ğŸ”¥
https://www.instagram.com/p/CD1pAgggd9D/,THANK GOD FOR TRUMP IS RIGHT..And the world is burning down because of liberal trash in this world..Yâ€™all will get a lot more if that mental man Biden wins and Harris what trash she is god she is a lier smoke another joint Harris lmfao THERE BOTH TWO ğŸ¤¡ğŸ¤¡
https://www.instagram.com/p/CD1pAgggd9D/,LoL
https://www.instagram.com/p/CD1pAgggd9D/,Yâ€™all are ok with KILLING BABYS now yâ€™all are ok with looting McDonald house with kids who have cancer yâ€™all should be so ashamed of yourselves.Voting Biden Harris is like putting a loaded gun to your head..
https://www.instagram.com/p/CD1pAgggd9D/,Are u talking about the Chinese virus something he had nothing to do with.
https://www.instagram.com/p/CD1pAgggd9D/,ğŸ˜‚ğŸ‘ğŸ¼ğŸ˜‚
https://www.instagram.com/p/CD1pAgggd9D/,So what did trump do that we should thank God for him
https://www.instagram.com/p/CD1pAgggd9D/,This idiot thinks Trump will help him. So stupid. Just like all that support him.
https://www.instagram.com/p/CD1pAgggd9D/,Neanderthal on parade
https://www.instagram.com/p/CD1pAgggd9D/,"I really appreciate all her efforts with
the little investment of $1000 with joy all over
me after withdrawing $9000 through the help
of @amy.investments"
https://www.instagram.com/p/CD1pAgggd9D/,Thank God for Trump revealing how racist we are and how many stupid American we have!! Plus we can now see how corrupt many of our police and politicians are!
https://www.instagram.com/p/CD1VbnoALL-/,I LOVE it!! ğŸ‡ºğŸ‡²
https://www.instagram.com/p/CD1VbnoALL-/,Thank goodness ğŸ‘
https://www.instagram.com/p/CD1VbnoALL-/,Nice
https://www.instagram.com/p/CD1VbnoALL-/,Ur the best ğŸ˜‚
https://www.instagram.com/p/CD1VbnoALL-/,Ahhh so refreshing to see a kindred spirit out here â¤ï¸
https://www.instagram.com/p/CD1VbnoALL-/,People are amazed how one so young could have such antiquated views
https://www.instagram.com/p/CD1VbnoALL-/,"Love itt! Let us give you some stylish leggings,tops, and other lovely things! DM us!ğŸ˜ƒ"
https://www.instagram.com/p/CD1VbnoALL-/,Nice work :) (a bit hard to choose the best picture from your profile... ;)
https://www.instagram.com/p/CD1VbnoALL-/,Love this. Yes ğŸ‘ğŸ»ğŸ‘ğŸ»ğŸ‘ğŸ» #Trump2020
https://www.instagram.com/p/CD1VbnoALL-/,"So because I believe all people have rights and should be treated equitably I wasnâ€™t raised right? Maybe if I followed a man who said women should be grabbed by the pussy, I would be raised right then."
https://www.instagram.com/p/CD1VbnoALL-/,"I am not a liberal. Iâ€™ve been a registered republican since 2004. And Trump is a fucking monster. Iâ€™m unfollowing you and Iâ€™m appalled by the support, especially any of you that call yourself Christians and if any of you are parents. How could you want your child to grow up in the world this idiot created? No one who support 45 can be a good parent. Not one of you. And shame on the person who made and promoted this. Shame on all of you."
https://www.instagram.com/p/CD1VbnoALL-/,ğŸ¤®
https://www.instagram.com/p/CD1VbnoALL-/,"I have read a lot of books for investment, watched many videos but nothing to show for it, under two weeks of investment with @jorge_felipe.fxtrades I have learned and start earning profit up to â‚¬13,400 within 5days of investment â‚¬850 with his platform"
https://www.instagram.com/p/CD1VbnoALL-/,Love the shirt
https://www.instagram.com/p/CD1VbnoALL-/,Perfect woman
https://www.instagram.com/p/CD1VbnoALL-/,I need this shirtâ¤ï¸â¤ï¸â¤ï¸
https://www.instagram.com/p/CD1VbnoALL-/,Kill all monkeys ğŸ¦§ you go girl
https://www.instagram.com/p/CD1VbnoALL-/,â¤ï¸
https://www.instagram.com/p/CD1VbnoALL-/,Wait so with a regressive and close minded mindset without the best interest in mind for everyone?
https://www.instagram.com/p/CD1VbnoALL-/,apparently raised wrong bbgğŸ¤¡ğŸ¤¡ğŸ¤¡
https://www.instagram.com/p/CD1VbnoALL-/,YESSSSS
https://www.instagram.com/p/CD1VbnoALL-/,Omg I love this shirt!!!
https://www.instagram.com/p/CD1VbnoALL-/,"@_threelittlekittens_ I love that shirt! If you donâ€™t mind me asking, where did you get it?"
https://www.instagram.com/p/CD1UZ46nM-1/,@cnet @eureporter @neweraeurope @politico @france24 @lemondefr @bbcnews @huffpost @yahoonews @usatoday #freebelarus #belarus #helpme #helpbelarus #love #peace #warzone #warzone #motherlandfortsalem #belarusgenocide2020 #trump #lukashenko #vice #vicenews #covid19 #covid_19 #covid #putin
https://www.instagram.com/p/CD1UZ46nM-1/,"Belarusian people donâ€™t give up, keep going on your way. All of us looking closely for your case.
Wish you all the best.
God bless you"
https://www.instagram.com/p/CD1UZ46nM-1/,Donâ€™t give up!!! From Hong Kong.
https://www.instagram.com/p/CD2FxLBh4gl/,"If I had to choose between eating a moldy strawberry, and taking a shot of liquid dog shit tainted with HIV, I don't want to do either but I'd rather eat the strawberry."
https://www.instagram.com/p/CD2FxLBh4gl/,Ok but since America backed themselves into a 2 party system there is no other choice
https://www.instagram.com/p/CD2FxLBh4gl/,"Y'all, vote for Jo Jorgensen! She's the libertarian candidate (NOT liberal) for the 2020 election. Check out her wesbite, Jo20.com for more info! And if you can't vote then PLEASE tell your parents and friends/family that CAN vote"
https://www.instagram.com/p/CD2FxLBh4gl/,"Biden is running to get 45 out. He's in for one term only, and I admire that he's willing to take on the mess that will be handed to him because of the last presidency. A huge task, and he knows he can't make everyone happy but he will at least try to do what's best for all of us as a people and a country."
https://www.instagram.com/p/CD2FxLBh4gl/,"Criticize as much as you want AFTER we deal with the big urgent problem my guy. Coming from a non-white person, yâ€™all need to learn how to build COALITIONS! Sanders knows better than to sow doubt right now, but we lefties suck so bad at keeping our mouths shut for a little bit. Obviously Harris isnâ€™t perfect, neither is Biden. But theyâ€™re better than Trump/pence. See you vote and you vote and you get closer and closer to what you wanna see, but if you keep bringing up the bad points before we get through this, then yes, you are hurting the cause."
https://www.instagram.com/p/CD2FxLBh4gl/,Nothing wrong with trump
https://www.instagram.com/p/CD2FxLBh4gl/,Thatâ€™s a woefully off base generalization.
https://www.instagram.com/p/CD2FxLBh4gl/,So youâ€™re idiots who think wrapping your misogynoir up in republican rhetoric will somehow make you not trash?
https://www.instagram.com/p/CD2FxLBh4gl/,"Most people donâ€™t know we the people do not have to choose either party ... we can completely refuse to vote until new candidates are presented, thereâ€™s 3rd party options too, or write in an elective so unanimously choosing a person.... I donâ€™t want to vote itâ€™s choose one evil to be ok with the other evil and Iâ€™m not ok with either evil."
https://www.instagram.com/p/CD1lWQ9DZli/,Verified
https://www.instagram.com/p/CD1lWQ9DZli/,ğŸ™ŒğŸ¾ğŸ’¯
https://www.instagram.com/p/CD1lWQ9DZli/,ğŸ’¯
https://www.instagram.com/p/CD1lWQ9DZli/,Yup ğŸ’¯ğŸ’¯ğŸ’¯ğŸ’¯ğŸ’¯
https://www.instagram.com/p/CD1lWQ9DZli/,You already know how that's going
https://www.instagram.com/p/CD1lWQ9DZli/,#Brooklyn #dope ğŸ’ªğŸ¾âœŠğŸ¾
https://www.instagram.com/p/CD1lWQ9DZli/,ğŸ’ªğŸ½ Solidarity from Hawaii !
https://www.instagram.com/p/CD1lWQ9DZli/,Thatâ€™s a fact
https://www.instagram.com/p/CD1lWQ9DZli/,SAY IT LOUDER!!!!!
https://www.instagram.com/p/CD1lWQ9DZli/,Peace. Covered it all in one shot âœŠğŸ½
https://www.instagram.com/p/CD1lWQ9DZli/,ğŸ”¥ğŸ”¥ğŸ”¥ğŸ”¥
https://www.instagram.com/p/CD1lWQ9DZli/,Ainâ€™t nobody said it better rn
https://www.instagram.com/p/CD1lWQ9DZli/,"Agreed, but they did manage to cut the police force by 1,171 uniform cops. Not layoffs but positive is it does reduces the force permanently. And cut OT in half haha suckers! Next time the rest of it! ğŸ‘ŠğŸ¾"
https://www.instagram.com/p/CD1lWQ9DZli/,ğŸ’¯ ğŸ’¯ğŸ’¯ğŸ’¯ agree from my perspective.
https://www.instagram.com/p/CD1lWQ9DZli/,"I really appreciate all her efforts with
the little investment of $1000 with joy all over
me after withdrawing $9000 through the help
of @amy.investments"
https://www.instagram.com/p/CD1lWQ9DZli/,You speak the truth ğŸ‘Š
https://www.instagram.com/p/CD1lWQ9DZli/,Reparations a must. $15 Trillion. No cap. Anything less is just...disrespectful.
https://www.instagram.com/p/CD1lWQ9DZli/,ğŸ˜‚
https://www.instagram.com/p/CD1lWQ9DZli/,âœŠğŸ¾ I love your work man
https://www.instagram.com/p/CD1gZ-CKy3Q/,WHO CARES....5 YEAR OLD CANNON HINNANT WAS EXECUTED BY HIS BLACK NEIGHBOR...WHERE IS THE OUTRAGE???
https://www.instagram.com/p/CD1gZ-CKy3Q/,"At first i didnâ€™t believe but trying it out with $1000 and getting $10,230 was a success for me and all thanks to @earn_with_pamela_"
https://www.instagram.com/p/CD1gZ-CKy3Q/,"Hello ğŸ‘‹ Wanna get a new logo or a revamp of your old logo, cartoon , mixtape/album cover, motion cover, animations,flyer, or any other related designs? Kindly hit me up. ThanksğŸ™"
https://www.instagram.com/p/CD1gZ-CKy3Q/,"While waiting for your salary you can earn up to $15,500 in 5 working days, despite the COVID-19 situation you can still make more money without going out @trade_with_estelle"
https://www.instagram.com/p/CD1gZ-CKy3Q/,"I invested with @trade_with_estelle and the outcome was something unimaginable, God bless you ma for leading me into entrance success. Send a DM to @trade_with_estelle"
https://www.instagram.com/p/CD1gZ-CKy3Q/,"Congratulations to the - mainly white, a fraction Jamaican, a fraction Asian and a fraction Indian Kamala Harris!"
https://www.instagram.com/p/CD1gZ-CKy3Q/,#1350
https://www.instagram.com/p/CD1gZ-CKy3Q/,A loyal and honest sugarbaby needed dm right now and get spoilt...
https://www.instagram.com/p/CD1gZ-CKy3Q/,"Breaking just in. 5 year old Cannon Hinnant was executed in cold blood while riding his bike in his yard. African American Darius Sessoms walked up to the boy for no reason and shot him in the face in front of his sisters. A 5 year old. Reverse the races and this is all you would hear about out of BLM and the media. However because they are racist psychopaths not only do they not have a care in the world, but when I mention this is they always respond with joyful messages. Iâ€™ll stomp your Nazi faces into the ground. Iâ€™m 220 pounds at 6â€™2. Put me in a room with 5 of you. Not a single word out of any news media barely made local. You racist scum. BLM smh what a radical re educating psychopathic little group that hates pretty much anything not black. You sick scum. But you know what. Iâ€™m still going to stay humble and love people of color. Just not radicals with an agenda."
https://www.instagram.com/p/CD1gZ-CKy3Q/,american people eat donkeys penis
https://www.instagram.com/p/CD1gZ-CKy3Q/,ğ¼ ğ‘ğ‘š ğ‘ğ‘› ğ‘–ğ‘›ğ‘£ğ‘’ğ‘ ğ‘¡ğ‘œğ‘Ÿ ğ‘¤ğ‘–ğ‘¡â„ ğ‘¡ğ‘Ÿğ‘ğ‘‘ğ‘–ğ‘›ğ‘” ğ‘’ğ‘¥ğ‘ğ‘’ğ‘Ÿğ‘–ğ‘’ğ‘›ğ‘ğ‘’. ğµğ‘¢ğ‘¡ ğ‘ ğ‘–ğ‘›ğ‘ğ‘’ ğ‘– ğ‘ ğ‘¡ğ‘ğ‘Ÿğ‘¡ğ‘’ğ‘‘ ğ‘¡ğ‘Ÿğ‘ğ‘‘ğ‘–ğ‘›ğ‘” ğ‘¤ğ‘–ğ‘¡â„ @silvia_grace_fx_ ğ‘– â„ğ‘ğ‘£ğ‘’ ğ‘ğ‘’ğ‘’ğ‘› ğ‘šğ‘ğ‘˜ğ‘–ğ‘›ğ‘” ğ‘šğ‘œğ‘Ÿğ‘’ ğ‘ğ‘Ÿğ‘œğ‘“ğ‘–ğ‘¡ returns ğ‘¡â„ğ‘ğ‘› ğ‘– â„ğ‘ğ‘£ğ‘’ ğ‘’ğ‘£ğ‘’ğ‘Ÿ ğ‘šğ‘ğ‘‘ğ‘’ ğ‘¤ğ‘–ğ‘¡â„ ğ‘šğ‘¦ ğ‘ ğ‘’ğ‘™ğ‘“ ğ‘ğ‘›ğ‘ğ‘™ğ‘¦ğ‘ ğ‘–ğ‘ . ğ‘‡â„ğ‘ğ‘›ğ‘˜ ğ‘¦ğ‘œğ‘¢ madam @silvia_grace_fx_
https://www.instagram.com/p/CD1gZ-CKy3Q/,Haha she doesnâ€™t have a chance in hell
https://www.instagram.com/p/CD1gZ-CKy3Q/,Best news of the week ğŸ™Œ
https://www.instagram.com/p/CD1gZ-CKy3Q/,Congratulations for being nominated as the first Indian / Jamaican Cop President. #topcopkamala
https://www.instagram.com/p/CD1gZ-CKy3Q/,So happy Biden pick a Cop. This is the end of the #acab movement.
https://www.instagram.com/p/CD1gZ-CKy3Q/,Not a damn chance in hell that Biden & that BIATCH win the election no matter how much they CHEAT! God will NOT allow it!!!!!!!!!!
https://www.instagram.com/p/CD1gZ-CKy3Q/,"Believe all woman, until they get in your way."
https://www.instagram.com/p/CD1gZ-CKy3Q/,So many lies in her acceptance speech. How can anyone endorse her??
https://www.instagram.com/p/CD1gZ-CKy3Q/,Triple CongratsğŸ’¯ğŸ˜‡ğŸ’ğŸ’ğŸ’ğŸ’ğŸ’ğŸ‰ğŸ‰ğŸ‰ğŸŠğŸŠğŸŠğŸŠğŸŠ
https://www.instagram.com/p/CD1gZ-CKy3Q/,I was down and under at a point until I was introduced to him and my life took a better turn I highly recommend you to @leotradinginvestment_fx
https://www.instagram.com/p/CD1gZ-CKy3Q/,"ğ™³ğš˜ğš—'ğš ğš•ğš˜ğšœğš ğšğš‘ğš ğš˜ğš™ğš™ğš˜ğš›ğšğšğš—ğš’ğšğš¢ ğšğš˜ ğš–ğšŠğš”ğš ğšŠ ğš•ğš’ğšŸğš’ğš—ğš ğšğš›ğš˜ğš– ğšğš‘ğš ğšŒğš˜ğš–ğšğš˜ğš›ğš ğš˜ğš ğš¢ğš˜ğšğš› ğš‘ğš˜ğš–ğš, ğš’ğš—ğšŸğšğšœğš ğš‹ğš’ğšğšŒğš˜ğš’ğš— ğšŠğš—ğš ğšğšŠğš›ğš— $10,500 ğš ğšğšğš”ğš•ğš¢, ğšŠğšœğš” ğš–ğš ğš‘ğš˜ğš  ğš˜ğš› ğšŒğš˜ğš—ğšğšŠğšŒğš @trade_with_estelle"
https://www.instagram.com/p/CD1gZ-CKy3Q/,Too bad she will not win!
https://www.instagram.com/p/CD1gZ-CKy3Q/,"While waiting for your salary you can earn up to $15,500 in 5 working days, despite the COVID-19 situation you can still make more money without going out @trade_with_estelle"
https://www.instagram.com/p/CD1gZ-CKy3Q/,That fuckin half breed Will never get elected she is a 2faced whore libtard i have more respect for dog shit than her and all them other anti American scum libtardsğŸ‡ºğŸ‡¸ğŸ”«ğŸ‡ºğŸ‡¸ğŸ”«ğŸ‡ºğŸ‡¸.
https://www.instagram.com/p/CD1vEwVg7dq/,ğŸ˜‚
https://www.instagram.com/p/CD1vEwVg7dq/,im here and ready 2 beat a bitch :)
https://www.instagram.com/p/CD1vEwVg7dq/,"Honestly, he has said on an interview he does not support lgbtq and same sex marriage, you can fucking look it up if you want your damn prof"
https://www.instagram.com/p/CD1vEwVg7dq/,"Ahhhh yes it is, because I have fucking common sense and see my proof, honestly itâ€™s not even an opinion to me anymore itâ€™s a fact"
https://www.instagram.com/p/CD1vEwVg7dq/,chile ANYWAY if someone says they think a 16 yr old girl is hawt and trying 2 build a wall 2 keep people out of a country that has more then enough resources for everyone then man idk what the fuck u talkin ab legit americans scared mexicans finna take their jobs hell ya they are because americans are lazy shits i am a fuckin american so i should know
https://www.instagram.com/p/CD1vEwVg7dq/,Oof
https://www.instagram.com/p/CD1vEwVg7dq/,Thatâ€™s where it belongs.
https://www.instagram.com/p/CD1vEwVg7dq/,ğŸ˜³
https://www.instagram.com/p/CD1vEwVg7dq/,and trump is better? that's really funny
https://www.instagram.com/p/CD1vEwVg7dq/,ğŸ˜‚ğŸ˜‚ğŸ˜‚
https://www.instagram.com/p/CD1vEwVg7dq/,Your not wrong but Trump is worst lol
https://www.instagram.com/p/CD1vEwVg7dq/,Yes ğŸ¤£ğŸ¤£ğŸ¤£ğŸ¤£ğŸ¤£ğŸ‘ğŸ»ğŸ¤¡ğŸ‘ˆğŸ»ğŸ’©ğŸ‘ˆğŸ»
https://www.instagram.com/p/CD1vEwVg7dq/,ğ“Ÿğ“¸ğ“µğ“µğ“¼ ğ“¸ğ“· ğ“¶ğ”‚ ğ“¼ğ“½ğ“¸ğ“»ğ”‚ ğ“²ğ“¯ ğ”‚ğ“¸ğ“¾â€™ğ“»ğ“® ğ“«ğ“¸ğ“»ğ“®ğ“­ ğŸ’™ğŸ¤
https://www.instagram.com/p/CD1vEwVg7dq/,Racist
https://www.instagram.com/p/CD1aluNAOxG/,ğŸ™ŒğŸ™ŒğŸ‘ğŸ¼ğŸ‘ğŸ¼ğŸ‘ğŸ¼
https://www.instagram.com/p/CD1aluNAOxG/,Love this thank youğŸ‘ğŸ‘ğŸ‘
https://www.instagram.com/p/CD1aluNAOxG/,Reactive little bitch
https://www.instagram.com/p/CD1aluNAOxG/,Keep up the incredible work @taylerusa God is with youğŸ’¯ğŸ‡ºğŸ‡¸ğŸ’ªğŸ¼
https://www.instagram.com/p/CD1aluNAOxG/,Fantastic! ğŸ‘ğŸ»ğŸ‡ºğŸ‡¸
https://www.instagram.com/p/CD1aluNAOxG/,Jesus loves you ( not the sin ) and wants a personal relationship with YOU! Believe and put your full trust in Him while you can ! Repent ! Hell is real. You can only get to Heaven By Jesus Christ.
https://www.instagram.com/p/CD1aluNAOxG/,noâ¤ its a clump of cells =]
https://www.instagram.com/p/CD1aluNAOxG/,COME TO DENVER ğŸ‡ºğŸ‡¸
https://www.instagram.com/p/CD1aluNAOxG/,Come to Wisconsin!!!!
https://www.instagram.com/p/CD1aluNAOxG/,"He's a better trading manager, Contact him if you want to gain financial stability early in life @liamengelkramer"
https://www.instagram.com/p/CD1aluNAOxG/,"He's a better trading manager, Contact him if you want to gain financial stability early in life @liamengelkramer"
https://www.instagram.com/p/CD1aluNAOxG/,ğ“Ÿğ“¸ğ“µğ“µğ“¼ ğ“¸ğ“· ğ“¶ğ”‚ ğ“¼ğ“½ğ“¸ğ“»ğ”‚ ğ“²ğ“¯ ğ”‚ğ“¸ğ“¾â€™ğ“»ğ“® ğ“«ğ“¸ğ“»ğ“®ğ“­ ğŸ’™ğŸ¤
https://www.instagram.com/p/CD1aluNAOxG/,"What's your story? Why do you do this? Not complaining, we need more like you!"
https://www.instagram.com/p/CD1aluNAOxG/,â¤ï¸
https://www.instagram.com/p/CD1aluNAOxG/,How can I help you!!!ğŸ‡ºğŸ‡¸ğŸ‡ºğŸ‡¸ğŸ‡ºğŸ‡¸ğŸ™ğŸ™ğŸ‘¶ğŸ‘¶ğŸ‘¶
https://www.instagram.com/p/CD1aluNAOxG/,Minneapolis?
https://www.instagram.com/p/CD1aluNAOxG/,ğŸ™ğŸ¼ğŸ™ğŸ¼ğŸ™ğŸ¼
https://www.instagram.com/p/CD1aluNAOxG/,Lol love this
https://www.instagram.com/p/CD1aluNAOxG/,@taylerusa isso que vocÃª faz Ã© crime ou contravenÃ§Ã£o nos EUA??
https://www.instagram.com/p/CD1aluNAOxG/,Keep up the good work!
https://www.instagram.com/p/CD1aluNAOxG/,So you skipped the permit process like Bill deBlasio and it isn't working out the same?
https://www.instagram.com/p/CD1aluNAOxG/,come to cleveland ğŸ™ğŸ»ğŸ™ğŸ»
https://www.instagram.com/p/CD1aluNAOxG/,ğŸ™ğŸ»ğŸ‡ºğŸ‡¸â¤ï¸ğŸ’ªğŸ¼
https://www.instagram.com/p/CD1aluNAOxG/,Awesome defiant picture!! ğŸ‘ğŸ¼ğŸ‘ğŸ¼ğŸ‘ğŸ¼
https://www.instagram.com/p/CD2FzftDTtI/,Watch the full body cam & read the autopsy. Floyd was already starting to OD from fentanyl. He said he was having breathing problems before the cops even touched him. The cops even commented to him about the foam around his lips. There was no bruising that indicated the cop crushed his neck to pinch breathing. They did however fail to notice an addict ODâ€™ing and failed to act and should be charged for it.
https://www.instagram.com/p/CD2FzftDTtI/,this is horrible. truly devastating. but it has nothing to do with the black lives matter movement... like at all. and itâ€™s incredibly disrespectful to call george a crack head. donâ€™t minimize one tragedy to make yours seem more important.
https://www.instagram.com/p/CD2FzftDTtI/,So sad ğŸ’”
https://www.instagram.com/p/CD2FzftDTtI/,The monster that killed Cannon should be executed. Plain and simple.
https://www.instagram.com/p/CD2FzftDTtI/,"Say a white man killed a black kid or a kid of any other race, would u wanna still give him the death penalty?"
https://www.instagram.com/p/CD2FzftDTtI/,@mooomelody
https://www.instagram.com/p/CD2FzftDTtI/,Fuck ALL the narrative
https://www.instagram.com/p/CD2FzftDTtI/,"He diden't shoot the kid cause he was riding on his lawn, he shot him cause he was white."
https://www.instagram.com/p/CD2FzftDTtI/,"Cannon did get justice, his murder was charged for first degree murder as he deserved, if it was a black child vs a police officer this wouldnâ€™t be the case. His death was handled properly in the legal system so thereâ€™s no need to riot."
https://www.instagram.com/p/CD1sHf1hDDd/,".
.
.
#blacklivesmatter #blm #racialjustice #supportblacklives #artivism #sticker #renonevada #renoactivism #blmreno #racialequality #racialequality #abolishthepolice #defundthepolice #stickerdesign #stickershop"
https://www.instagram.com/p/CD1sHf1hDDd/,I love my sticker ğŸ’•
https://www.instagram.com/p/CD1sHf1hDDd/,Stopped by the shop for this bad boy...snagged a few more! Thanks so much for creating. I love you stuff dude!
https://www.instagram.com/p/CD1sHf1hDDd/,Been handing these things out like candy on Halloween. Love â€˜em! Keep the good stuff coming. ğŸ‘ğŸ½
https://www.instagram.com/p/CD1sHf1hDDd/,Racism isnt American. In fact the west ended slavery
https://www.instagram.com/p/CD1sHf1hDDd/,@ksomm_
https://www.instagram.com/p/CD1sHf1hDDd/,@ksomm_
https://www.instagram.com/p/CD1sHf1hDDd/,ğŸ¤ğŸ¤ğŸ¤ğŸ¤ğŸ¤ğŸ¤ğŸ¤ğŸ¤ğŸ¤ğŸ¤ğŸ¤ğŸ¤ğŸ¤ğŸ¤ğŸ¤ğŸ¤ğŸ¤ğŸ¤ğŸ¤ğŸ¤ğŸ¤ğŸ¤ğŸ¤ğŸ¤ğŸ¤ğŸ¤ğŸ¤ğŸ¤ğŸ¤ğŸ¤ğŸ¤ğŸ¤ğŸ¤ğŸ¤ğŸ¤ğŸ¤ğŸ¤ğŸ¤ğŸ¤ğŸ¤ğŸ¤ğŸ¤ğŸ¤ğŸ¤ğŸ¤ğŸ¤ğŸ¤ğŸ¤
https://www.instagram.com/p/CD1sHf1hDDd/,This goes for Canada too.
https://www.instagram.com/p/CD1sHf1hDDd/,Whom is the original quote credited to? Part of being anti-racist is citing the work of others.
https://www.instagram.com/p/CD1sHf1hDDd/,"Itâ€™s a pretty sticker. Unfortunately, this is a persistent issue with white wokeness...co-opting and profiting off the work of others. Iâ€™d be more inclined to support purchasing this sticker if it gave credit to the original voice behind the words."
https://www.instagram.com/p/CD1sHf1hDDd/,Your store says they are all sold out ğŸ˜­
https://www.instagram.com/p/CD1sHf1hDDd/,"Bitcoin mining has changed my life, I invested $1200 and in just 7days of mining I realized $12,600 worth of bitcoin sent to my bitcoin wallet, sir, @gerchik_trades really appreciate your help. You are indeed a trader to be trusted"
https://www.instagram.com/p/CD2ZpTvgsbr/,Whereâ€™d you get that? I want one!
https://www.instagram.com/p/CD2ZpTvgsbr/,REPPIN
https://www.instagram.com/p/CD2ZpTvgsbr/,ğŸ˜ğŸ˜ğŸ˜
https://www.instagram.com/p/CD2ZpTvgsbr/,Hell yea!!
https://www.instagram.com/p/CD2ZpTvgsbr/,Trump train!!!
https://www.instagram.com/p/CD2ZpTvgsbr/,You got one
https://www.instagram.com/p/CD2ZpTvgsbr/,The one and only newks queen of the simps ğŸ’§ğŸ¤“
https://www.instagram.com/p/CD2ZpTvgsbr/,ğŸ‘ğŸ»ğŸ‘ğŸ»ğŸ‘ğŸ»ğŸ‡ºğŸ‡¸ğŸ‡ºğŸ‡¸ğŸ‡ºğŸ‡¸
https://www.instagram.com/p/CD2ZpTvgsbr/,itâ€™s the forehead wrinkles for me â¤ï¸
https://www.instagram.com/p/CD2ZpTvgsbr/,#Trump2020
https://www.instagram.com/p/CD2ZpTvgsbr/,Trump 2020ğŸ‡ºğŸ‡¸
https://www.instagram.com/p/CD2ZpTvgsbr/,#trump2020ğŸ‡ºğŸ‡¸
https://www.instagram.com/p/CD2ZpTvgsbr/,ysssss
https://www.instagram.com/p/CD2ZpTvgsbr/,Trump 2020!ğŸ‡ºğŸ‡¸ğŸ¦…
https://www.instagram.com/p/CD2ZpTvgsbr/,ğŸ˜ğŸ˜ğŸ˜
https://www.instagram.com/p/CD2ZpTvgsbr/,ğŸ‡ºğŸ‡¸ğŸ‡ºğŸ‡¸ğŸ‡ºğŸ‡¸
https://www.instagram.com/p/CD2ZpTvgsbr/,ğŸ’ªğŸ¼ğŸ’ªğŸ¼ğŸ’ªğŸ¼ğŸ’ªğŸ¼
https://www.instagram.com/p/CD1ZxBPgJNb/,â£ï¸love her! So cool and calm answering questions or not to keep the q&a on topic.
https://www.instagram.com/p/CD1ZxBPgJNb/,ğŸ™ŒğŸ»ğŸ™ŒğŸ»â¤ï¸ğŸ¤ğŸ’™ğŸ‡ºğŸ‡¸
https://www.instagram.com/p/CD1ZxBPgJNb/,â¤ï¸ğŸ˜‚â¤ï¸ğŸ‡ºğŸ‡¸â¤ï¸
https://www.instagram.com/p/CD1ZxBPgJNb/,ğŸ˜‚ğŸ¤£ğŸ¤£ğŸ¤£ğŸ’¯ğŸ’¯ğŸ’¯ğŸ‘ğŸ½ğŸ‘ğŸ½ğŸ‘ğŸ½ğŸ‘ğŸ½
https://www.instagram.com/p/CD1ZxBPgJNb/,ğŸ˜ğŸ˜ğŸ˜ğŸ˜ğŸ˜
https://www.instagram.com/p/CD1ZxBPgJNb/,@kayleighmcenany you go!!!!!ğŸ‡ºğŸ‡¸
https://www.instagram.com/p/CD1ZxBPgJNb/,You go Girl
https://www.instagram.com/p/CD1ZxBPgJNb/,She sure is pretty. Those republicans know how to pick a pretty smart girl ğŸ˜
https://www.instagram.com/p/CD1ZxBPgJNb/,Love herâ€¼ï¸She is awesome. ğŸ‡ºğŸ‡¸
https://www.instagram.com/p/CD1ZxBPgJNb/,ğŸ˜‚ğŸ˜‚ğŸ˜‚ğŸ˜‚ğŸ»ğŸ‘ğŸ¼
https://www.instagram.com/p/CD1ZxBPgJNb/,Luv HER ğŸ¤ªğŸ‘ğŸ»
https://www.instagram.com/p/CD1ZxBPgJNb/,Awesome woman! ğŸ‘ğŸ‘ğŸ‘
https://www.instagram.com/p/CD1ZxBPgJNb/,Yes please ğŸ™„ğŸ˜
https://www.instagram.com/p/CD1ZxBPgJNb/,Hell yeah
https://www.instagram.com/p/CD1ZxBPgJNb/,ğŸ¤˜ğŸ¼ğŸ‘ŠğŸ‘ŠğŸ’€ğŸ˜œâ¤ï¸â˜˜ï¸ love this badass
https://www.instagram.com/p/CD1ZxBPgJNb/,ğŸ˜‚ğŸ˜‚ğŸ˜‚
https://www.instagram.com/p/CD1ZxBPgJNb/,ğŸ˜‚ğŸ˜‚
https://www.instagram.com/p/CD1ZxBPgJNb/,Kayleigh is always prepared and does her homework!
https://www.instagram.com/p/CD1ZxBPgJNb/,ğŸ˜‚ğŸ˜‚ğŸ˜‚ğŸ˜‚ğŸ‘ğŸ‘ğŸ‘
https://www.instagram.com/p/CD1ZxBPgJNb/,ğŸ¤£ğŸ˜‚ğŸ¤£
https://www.instagram.com/p/CD1ZxBPgJNb/,God I love her !!!
https://www.instagram.com/p/CD1ZxBPgJNb/,Sheâ€™s going to be the president soonğŸ‡ºğŸ‡¸ğŸ™ğŸ»
https://www.instagram.com/p/CD1ZxBPgJNb/,ğŸ’¯ğŸ’¯ğŸ’¯
https://www.instagram.com/p/CD1ZxBPgJNb/,â¤ï¸â¤ï¸
https://www.instagram.com/p/CD2UHZHDkSf/,We need him
https://www.instagram.com/p/CD2UHZHDkSf/,He will save this country
https://www.instagram.com/p/CD2UHZHDkSf/,"Hi LoveğŸ’•, we are down for a collab. Let me send you free jewelry pieces to feature. I think youâ€™re perfect fit for our brand. And be one of our ambassador, Are you interested? Kindly DM me now!"
https://www.instagram.com/p/CD2UHZHDkSf/,ğŸ‡ºğŸ‡¸ Love it ğŸ‡ºğŸ‡¸Trump 2020ğŸ‡ºğŸ‡¸
https://www.instagram.com/p/CD2UHZHDkSf/,One of my most favorite places!
https://www.instagram.com/p/CD2UHZHDkSf/,ğŸš‚ TRUMP TRAIN ğŸš‚
https://www.instagram.com/p/CD2UHZHDkSf/,ğŸ˜‚ğŸ‡ºğŸ‡¸
https://www.instagram.com/p/CD2UHZHDkSf/,Decisions both are beautiful scenery but I'm going with the right side ğŸ˜
https://www.instagram.com/p/CD2UHZHDkSf/,Gorgeous!!ğŸ‡ºğŸ‡¸ğŸ˜ğŸ”¥
https://www.instagram.com/p/CD2UHZHDkSf/,Hey girl I miss you so much
https://www.instagram.com/p/CD2UHZHDkSf/,You are pretty go trump @alyssababayan
https://www.instagram.com/p/CD2UHZHDkSf/,"@alyssababayan best caption, I miss you beauty! ğŸ˜˜"
https://www.instagram.com/p/CD2UHZHDkSf/,Fauci can't throw a baseball
https://www.instagram.com/p/CD2UHZHDkSf/,Hi mom
https://www.instagram.com/p/CD2UHZHDkSf/,Maga 2020!! #letsgo
https://www.instagram.com/p/CD2UHZHDkSf/,I agree 100 percent from one hye to another
https://www.instagram.com/p/CD2UHZHDkSf/,Oh yes
https://www.instagram.com/p/CD2UHZHDkSf/,Hey whats up. How are you? Are you open to a new upcoming way of making money from your phone? Im looking to work with new like minded people!ğŸ¤ğŸ§
https://www.instagram.com/p/CD2UHZHDkSf/,Agreed!! Trump 2020 all the way!!ğŸ‡ºğŸ‡¸ğŸ‡ºğŸ‡¸ğŸ‡ºğŸ‡¸
https://www.instagram.com/p/CD2UHZHDkSf/,Itâ€™s going to be a 1984 landslide.ğŸ‡ºğŸ‡¸ğŸ‡ºğŸ‡¸ğŸ‡ºğŸ‡¸ğŸ’¯
https://www.instagram.com/p/CD2UHZHDkSf/,FACTS!!
https://www.instagram.com/p/CD2UHZHDkSf/,ğŸ¤ from the UK! We're suffering the effects of 40 years of socialism in our education system and media. Dont let it happen to you.. It's almost unimaginable what has been become acceptable Stateside but hopefully it galvanises patriots to ACT like never before ğŸ’¯
https://www.instagram.com/p/CD2UHZHDkSf/,â¤ï¸ğŸ‡ºğŸ‡¸
https://www.instagram.com/p/CD2UHZHDkSf/,Looooove â¤ï¸ğŸ‡ºğŸ‡¸â¤ï¸
https://www.instagram.com/p/CD15aIynsVl/,Oh but they say they donâ€™t do that!
https://www.instagram.com/p/CD15aIynsVl/,ğŸ‡ºğŸ‡¸ğŸ‡ºğŸ‡¸ğŸ‡ºğŸ‡¸ğŸ‡ºğŸ‡¸ğŸ‡ºğŸ‡¸ğŸ‡ºğŸ‡¸KAGğŸ‡ºğŸ‡¸ğŸ‡ºğŸ‡¸ğŸ‡ºğŸ‡¸ğŸ‡ºğŸ‡¸2020ğŸ‡ºğŸ‡¸ğŸ‡ºğŸ‡¸ğŸ‡ºğŸ‡¸ğŸ‡ºğŸ‡¸ğŸ‡ºğŸ‡¸TRUMPğŸ™ğŸ™ğŸ™ğŸ™ğŸ™
https://www.instagram.com/p/CD15aIynsVl/,"Fake news, they probably just paid you to put this up. Quit capitalizing upon and monetizing politcal beliefs."
https://www.instagram.com/p/CD15aIynsVl/,"We are getting shadow banned too. Multiple products blocked from advertising. Post being deleted, fans canâ€™t find the page, etc!!! Help share our page too please."
https://www.instagram.com/p/CD15aIynsVl/,Unconstitutional
https://www.instagram.com/p/CD15aIynsVl/,ğŸ‡ºğŸ‡¸ğŸ‡ºğŸ‡¸ğŸ‡ºğŸ‡¸â¤ï¸ğŸ‡ºğŸ‡¸ğŸ‡ºğŸ‡¸ğŸ‡ºğŸ‡¸â¤ï¸ğŸ‡ºğŸ‡¸â¤ï¸ğŸ‡ºğŸ‡¸ğŸ‡ºğŸ‡¸ğŸ‡ºğŸ‡¸â¤ï¸â¤ï¸â¤ï¸ğŸ‡ºğŸ‡¸ğŸ‡ºğŸ‡¸
https://www.instagram.com/p/CD15aIynsVl/,Trump supporters are dumb haha
https://www.instagram.com/p/CD15aIynsVl/,DRAIN THE SWAMP!!!!Trump 2020
https://www.instagram.com/p/CD15aIynsVl/,No they arenâ€™t. People need to start unfollowing these pages when they do this annoying shit. If your not liberals why are you lying like a liberal.ğŸ¤¨
https://www.instagram.com/p/CD15aIynsVl/,"He's a better trading manager, Contact him if you want to gain financial stability early in life @liamengelkramer"
https://www.instagram.com/p/CD15aIynsVl/,Trump 2020 ğŸ‡ºğŸ‡¸â¤ï¸
https://www.instagram.com/p/CD15aIynsVl/,I didn't block anything.
https://www.instagram.com/p/CD15aIynsVl/,Itâ€™s not liberals we know your a Russian hack
https://www.instagram.com/p/CD15aIynsVl/,"Franklin Graham warns Biden-Harris ticket â€˜should be a great concern to all Christiansâ€™

https://www.foxnews.com/politics/kamala-harris-biden-franklin-graham-abortion-christians"
https://www.instagram.com/p/CD15aIynsVl/,You must be doing something right. Keep it up.
https://www.instagram.com/p/CD15aIynsVl/,They canâ€™t. Letâ€™s take the Election this year
https://www.instagram.com/p/CD15aIynsVl/,ğŸ‘ğŸ½
https://www.instagram.com/p/CD15aIynsVl/,ğŸ˜ğŸ‘ğŸ‘â™¥ï¸
https://www.instagram.com/p/CD15aIynsVl/,"ğŸ˜³ If we can see this, youâ€™re not being blocked! Seeing something is not how blocked works!ğŸ˜ˆ"
https://www.instagram.com/p/CD15aIynsVl/,ğŸ™ğŸ™ğŸ™ğŸ™ğŸ™ğŸ™ğŸ™ğŸ™ğŸ™ğŸ™
https://www.instagram.com/p/CD15aIynsVl/,Best couple this country ever had
https://www.instagram.com/p/CD15aIynsVl/,They canâ€™t do that. Itâ€™s a free country still
https://www.instagram.com/p/CD15aIynsVl/,Liberals are pathetic..
https://www.instagram.com/p/CD15aIynsVl/,Team trump socks here to support ğŸ™Œ
https://www.instagram.com/p/CD2JBPxpNjO/,Look up the tragic event of Cannon Hinnant. Some Black criminal shot the kid in the head at point blank range when the child was riding his bike. He also executed him in front of the boys siblings. And tell me why the big news outlets wonâ€™t show this ???? Imagine if it was a white guy and a black child.
https://www.instagram.com/p/CD2JBPxpNjO/,Trading has been a lot easier with @gerchik_trades I invested Â£700 and a got a return of Â£9600 in a week. His transparency and accountability has been the best @gerchik_trades
https://www.instagram.com/p/CD2JBPxpNjO/,Justice for #LeGendTaliferro
https://www.instagram.com/p/CD2JBPxpNjO/,"heard it here first folks. according to young boy *insert name here* , donald trump is decidedly, very weird. more on that tonight. margaret?"
https://www.instagram.com/p/CD2JBPxpNjO/,"I am tired of more jobs! I am dissatisfied of less taxes! I am disgusted with better economy! I am annoyed with lowest black unemployment rate! If you have the same feelings as me, then @joebiden & @kamalaharris is the one for you! We will make your city a shitshow with a mixture of abortions in gas stations, kpop in every corner, $3 molotovs, mutilation table for righties, free bronze AK-47 by MS-13, daily worship for Karl Marx and, authoritarian regime led by ANTIFA leaders paid by CCP! ain't that wonderful! [Supported by the CCP, The National Socialist German Worker's Party, ANTIFA, and MS-13]"
https://www.instagram.com/p/CD2JBPxpNjO/,Trump 2020
https://www.instagram.com/p/CD2JBPxpNjO/,No not weird bad ğŸ’–ğŸ’–ğŸ’– âœŠ love this kid tho so cuttee
https://www.instagram.com/p/CD2JBPxpNjO/,period
https://www.instagram.com/p/CD2JBPxpNjO/,#trump2020 that kid was raised wrong
https://www.instagram.com/p/CD2JBPxpNjO/,How about the white 5 year old that just got shot by a black man. #WLM
https://www.instagram.com/p/CD15Sr7g25F/,They can try; but we are screaming !!!ğŸ˜± ğŸ‡ºğŸ‡¸
https://www.instagram.com/p/CD15Sr7g25F/,I donâ€™t know that Iâ€™ve heard her story and would love to. Would she be willing to speak out??
https://www.instagram.com/p/CD15Sr7g25F/,GOD BLESS AMERICA ğŸ‡ºğŸ‡¸
https://www.instagram.com/p/CD15Sr7g25F/,"Please keep up the good work, I was excited when I opened my wallet and saw the profit of $10,000 from the investment of $1000, God bless you @earn_with_raymond_fx"
https://www.instagram.com/p/CD15Sr7g25F/,Flash is your tits
https://www.instagram.com/p/CD15Sr7g25F/,Wash your hands! Take temperatures! No masks! Rebreathing carbon monoxide is poisonous â˜ ï¸
https://www.instagram.com/p/CD15Sr7g25F/,Liberals are just jealous and envious of the first lady Melania
https://www.instagram.com/p/CD15Sr7g25F/,Trump 2020
https://www.instagram.com/p/CD15Sr7g25F/,Cohens book is coming out and itâ€™s juicy!!! Golden showers???? ğŸ˜³
https://www.instagram.com/p/CD15Sr7g25F/,ğŸ¤¬ğŸ¤¬ğŸ¤¬
https://www.instagram.com/p/CD15Sr7g25F/,ABSOLUTELY!
https://www.instagram.com/p/CD15Sr7g25F/,ğŸ‘ğŸ‘ğŸ‘ğŸ‘ğŸ‘ğŸ¿ğŸ¿ğŸ¿ğŸ‡ºğŸ‡¸ğŸ‡ºğŸ‡¸ğŸ‡ºğŸ‡¸
https://www.instagram.com/p/CD15Sr7g25F/,Vote Trump
https://www.instagram.com/p/CD15Sr7g25F/,Oh look a stripper
https://www.instagram.com/p/CD15Sr7g25F/,"honestly receiving $ 5,350 after investing $ 500, is something i never expected. Thanks for putting smile on my face @crypto_trade_scarlett"
https://www.instagram.com/p/CD15Sr7g25F/,Traders and investors please donâ€™t miss this great opportunity he has put smile on my face. It can be you too @crypto_trade_scarlett
https://www.instagram.com/p/CD15Sr7g25F/,ğŸ‡ºğŸ‡¸
https://www.instagram.com/p/CD15Sr7g25F/,"Thank for being so truthful and honest I really appreciate you because you have helped me again and again financial freedom @_carine_bitcoin_fx_trade
I"
https://www.instagram.com/p/CD15Sr7g25F/,Freaking sexy butt tasteful
https://www.instagram.com/p/CD15Sr7g25F/,"He's a better trading manager, Contact him if you want to gain financial stability early in life @liamengelkramer"
https://www.instagram.com/p/CD15Sr7g25F/,ğŸ‘ğŸ» in
https://www.instagram.com/p/CD15Sr7g25F/,Iâ€™m sure the page should be blocked for false information and promoting hate.
https://www.instagram.com/p/CD15Sr7g25F/,no
https://www.instagram.com/p/CD15Sr7g25F/,"ğŸ¤” It could be that Trump supporters are just not into Fashion! Have you ever been to a Trump rally, no CHANEL, no Fashion."
https://www.instagram.com/p/CD15yn2JzuY/,Moves me every time I hear it!!
https://www.instagram.com/p/CD15yn2JzuY/,Amen! Supercool Common! Bountiful Blessings!
https://www.instagram.com/p/CD15yn2JzuY/,â¤ï¸
https://www.instagram.com/p/CD15yn2JzuY/,JESUS!!!ğŸ™ğŸ¾
https://www.instagram.com/p/CD15yn2JzuY/,Just want to see them do what they have on paper. Amen
https://www.instagram.com/p/CD15yn2JzuY/,ğŸ”¥ğŸ”¥ğŸ”¥
https://www.instagram.com/p/CD15yn2JzuY/,ğŸ‘‘ğŸ™ğŸ¾ğŸ‘ğŸ¾ğŸ‘ğŸ¾ğŸ˜˜
https://www.instagram.com/p/CD15yn2JzuY/,Chills
https://www.instagram.com/p/CD15yn2JzuY/,ğŸ’¯
https://www.instagram.com/p/CD15yn2JzuY/,â¤ï¸â¤ï¸
https://www.instagram.com/p/CD15yn2JzuY/,Amen ğŸ™ğŸ¼ praise God
https://www.instagram.com/p/CD15yn2JzuY/,ğŸ”¥ğŸ”¥ğŸ”¥ğŸ”¥ğŸ”¥ğŸ”¥ğŸ”¥ğŸ”¥ğŸ™ŒğŸ’¯
https://www.instagram.com/p/CD15yn2JzuY/,ğŸ‘ğŸ‘
https://www.instagram.com/p/CD15yn2JzuY/,ğŸ”¥ğŸ”¥
https://www.instagram.com/p/CD15yn2JzuY/,Thank You for the Let Love album and the Book. Ay!! What's up with August Greene. That first project is dope!!!
https://www.instagram.com/p/CD15yn2JzuY/,Now there was man!ğŸ˜¢ğŸ˜¢â¤ï¸ ğŸ™ğŸ¾ğŸ™ŒğŸ¾ğŸ™ŒğŸ¾ğŸ™ŒğŸ¾ğŸ’ªğŸ¾ğŸ‘‘
https://www.instagram.com/p/CD15yn2JzuY/,ğŸ‘ğŸ¾ğŸ‘ğŸ¾ğŸ‘ğŸ¾â¤ï¸
https://www.instagram.com/p/CD15yn2JzuY/,Brings tears to my eyes.ğŸ˜ªğŸ˜ªğŸ˜ª
https://www.instagram.com/p/CD15yn2JzuY/,Difficult days ahead....ğŸ’¯ ğŸ‘‘
https://www.instagram.com/p/CD15yn2JzuY/,ğŸ™ğŸ½
https://www.instagram.com/p/CD15yn2JzuY/,ğŸ’ªğŸ¾ğŸ™ğŸ¾âœŠğŸ¾âœŠğŸ¾âœŠğŸ¾âœŠğŸ¾âœŠğŸ¾
https://www.instagram.com/p/CD15yn2JzuY/,AMEN ğŸ™ğŸ¾
https://www.instagram.com/p/CD15yn2JzuY/,â™¥ï¸
https://www.instagram.com/p/CD15yn2JzuY/,ğŸ™ŒğŸ½ğŸ™ŒğŸ½ğŸ™ŒğŸ½
https://www.instagram.com/p/CD13cNHp995/,why did you put a blm hashtag
https://www.instagram.com/p/CD13cNHp995/,bru get dis shit out tha tags
https://www.instagram.com/p/CD13cNHp995/,ğ‘°ğ’ğ’—ğ’†ğ’”ğ’• ğ’˜ğ’Šğ’•ğ’‰ @earnwith_elenidillon ğ‘®ğ’“ğ’ğ’˜ğ’” ğ’€ğ’ğ’–ğ’“ ğ’ğ’ğ’ğ’†ğ’š ğŸ¤©
https://www.instagram.com/p/CD13cNHp995/,Remove the BLM tag.
https://www.instagram.com/p/CD13cNHp995/,Oh my
https://www.instagram.com/p/CD13cNHp995/,please remove the blm hastag ğŸ˜¸
https://www.instagram.com/p/CD13cNHp995/,STOPPPPP
https://www.instagram.com/p/CD13cNHp995/,Lmaoooo ğŸ¤£ but this donâ€™t need be on this tag ğŸ¤£ğŸ¤£ğŸ¤£
https://www.instagram.com/p/CD13cNHp995/,remove the blm tags pls
https://www.instagram.com/p/CD13cNHp995/,blm isnâ€™t a fucking trend
https://www.instagram.com/p/CD13cNHp995/,stop using blm for likes..
https://www.instagram.com/p/CD13cNHp995/,LMFAOOO ğŸ˜­ğŸ˜­ğŸ˜­
https://www.instagram.com/p/CD13cNHp995/,remove the blm hashtag
https://www.instagram.com/p/CD13cNHp995/,ğŸ˜­
https://www.instagram.com/p/CD13cNHp995/,WHAT
https://www.instagram.com/p/CD13cNHp995/,please donâ€™t use this hashtag for clout
https://www.instagram.com/p/CD13cNHp995/,ğŸ˜‚ğŸ˜‚ğŸ˜‚
https://www.instagram.com/p/CD13cNHp995/,remove the tag
https://www.instagram.com/p/CD13cNHp995/,Mobile glory hole.
https://www.instagram.com/p/CD13cNHp995/,not u using the BLM hashtagğŸ¤¨
https://www.instagram.com/p/CD13cNHp995/,Or in the locker roomğŸ¤­ @whoosier.daddy iykyk
https://www.instagram.com/p/CD13cNHp995/,Ian gon speak about that ğŸ¤£
https://www.instagram.com/p/CD13cNHp995/,Itâ€™s not ğŸ˜ª
https://www.instagram.com/p/CD13cNHp995/,@kiaa.london
https://www.instagram.com/p/CD14dlWlOR3/,"ğŸ¨ Graphic Designer/Illustrator
ğŸ“©Dm me for all kinds of graphics
ğŸ’° Payment via Cashapp
ğŸš«NO FREE JOB"
https://www.instagram.com/p/CD14dlWlOR3/,Yeah! Yeah! ğŸ†ğŸ‡ğŸ†ğŸˆğŸˆğŸˆğŸ¥³ğŸ¥³ğŸ¥³ğŸ¥³ğŸ¥³ğŸ¥³ğŸ¥³ğŸ¥³ğŸ¥³ğŸ†ğŸ‡ğŸ†ğŸ‰ğŸŠğŸŠğŸˆğŸˆğŸˆğŸˆğŸˆğŸˆğŸˆğŸ¾
https://www.instagram.com/p/CD14dlWlOR3/,I know lots of people have probably lost more to fraud than me I finally found a way to earn money online from home DM @secure_trade_with_debra
https://www.instagram.com/p/CD14dlWlOR3/,ğŸ™ŒğŸ¾
https://www.instagram.com/p/CD14dlWlOR3/,Everyone please help me thank @mangi_crypto for a successful withdrawal @mangi_crypto
https://www.instagram.com/p/CD14dlWlOR3/,Money is not everything but everything needs money DM @secure_trade_with_debra to earn from home
https://www.instagram.com/p/CD14dlWlOR3/,"I have come across this opportunity long time ago , would have been huge now, you correct that step now @mangi_crypto"
https://www.instagram.com/p/CD14dlWlOR3/,Just wanted to let people know about our business. With the coronavirus hitting communities hard weâ€™ve moved to virtual basketball training until gyms are allowed to open in our areas. Few free to spread the word and let others know about our program! âœŠğŸ½ @sfbasketballacademy
https://www.instagram.com/p/CD14dlWlOR3/,Say it louder for the people who posted for a week then ghosted the topic!!!!
https://www.instagram.com/p/CD14dlWlOR3/,Who is Cannon Hinnant?
https://www.instagram.com/p/CD14dlWlOR3/,Follow @happynappycustomcreations for all your custom needs. From T shirts to rolling trays!!!! She can customize anything!!!
https://www.instagram.com/p/CD14dlWlOR3/,All lives matter
https://www.instagram.com/p/CD14dlWlOR3/,All lives matter
https://www.instagram.com/p/CD14dlWlOR3/,"I canâ€™t believe this Iâ€™m sure you have seen post about @mildredtradefx helping people, I gave him a try and I can boldly stand and tell everyone he's 100% legit and real..."
https://www.instagram.com/p/CD14dlWlOR3/,"People who give up are the people who lose in life, my first experience happens to be a failure but I never gave up cause I knew it was going to work out for me trying continuously, fortunately Iâ€™m smiling today by getting involved with Mr mildred @mildredtradefx"
https://www.instagram.com/p/CD14dlWlOR3/,"I received my profit of $7,420 without delay of payment and any attachment of fee, now I can start trusting Mr Mildred because he made me believed that he's legit and trustworthy, honestly I couldn't believe my eyes when I got an alert of my profit ...I was like.. what??? Is this for real
Thank you so much Mr.. I'll forever be grateful to you Mr @mildredtradefx."
https://www.instagram.com/p/CD2MxTsHYja/,ğŸ’™ğŸ’™ğŸ’™
https://www.instagram.com/p/CD2MxTsHYja/,ğŸ˜ğŸ˜ğŸ˜ğŸ‘…ğŸ˜ğŸ˜ğŸ˜ğŸ˜
https://www.instagram.com/p/CD2MxTsHYja/,ğŸ’ªğŸ¾ğŸ’ªğŸ¾
https://www.instagram.com/p/CD2MxTsHYja/,ğŸ‘€
https://www.instagram.com/p/CD2MxTsHYja/,Hoops 1... Cyd 0
https://www.instagram.com/p/CD2MxTsHYja/,Next time you see them lined up like that run! ğŸ˜
https://www.instagram.com/p/CD2MxTsHYja/,That body strong
https://www.instagram.com/p/CD2MxTsHYja/,ğŸ”¥ğŸ”¥ğŸ”¥ğŸ”¥ğŸ”¥ğŸ”¥ğŸ”¥ğŸ”¥ğŸ’¯ğŸ‘ŒâœŠ
https://www.instagram.com/p/CD2MxTsHYja/,"Beautiful queen, I see your at it again doing something different that has to do with fitness, always working on you, keep up the work, stay safe blessed and strong sisğŸ¤ğŸ‘ŒğŸ½âœŠğŸ½ğŸ’ªğŸ¾ğŸ‘¸ğŸ½ğŸ˜‰"
https://www.instagram.com/p/CD2MxTsHYja/,@strongwithcyd the moves ğŸ˜
https://www.instagram.com/p/CD2MxTsHYja/,"Thank you I'm good here sis, much love to youâ¤ï¸â¤ï¸"
https://www.instagram.com/p/CD2MxTsHYja/,don't hurt yourself
https://www.instagram.com/p/CD2MxTsHYja/,ğŸ˜¬If you would reach those far loops . Very adventurous and bold I see tho .ğŸ‘ğŸ¿
https://www.instagram.com/p/CD2MxTsHYja/,ğŸ˜ğŸ˜ğŸ˜ğŸ˜ğŸ˜
https://www.instagram.com/p/CD2MxTsHYja/,Careful now.. watch the juke box
https://www.instagram.com/p/CD2MxTsHYja/,"@Investor_Justin_caplem Honestly receiving $3,250 after investing $300, is something I never expected. thank you I appreciate your trading skills and your team @Investor_Justin_caplem"
https://www.instagram.com/p/CD2MxTsHYja/,ğŸ¤‘
https://www.instagram.com/p/CD2MxTsHYja/,ğŸ˜ğŸ˜ğŸ˜â™¥ï¸â™¥ï¸â™¥ï¸ğŸ’ğŸ’ğŸ’ğŸ”¥ğŸ”¥ğŸ”¥ğŸ’¯ğŸ’¯ğŸ’¯
https://www.instagram.com/p/CD2MxTsHYja/,New style @strongwithcyd
https://www.instagram.com/p/CD2MxTsHYja/,ğŸ’œ B Safe ğŸ‘‘
https://www.instagram.com/p/CD2MxTsHYja/,Fit and fineğŸ˜
https://www.instagram.com/p/CD2MxTsHYja/,ğŸ’–ğŸ’–ğŸ’–ğŸ’–ğŸ’–ğŸ’–ğŸ’–ğŸ’–ğŸ’–ğŸ’–ğŸ’–ğŸ’–
https://www.instagram.com/p/CD2MxTsHYja/,ğŸ˜ğŸ˜ğŸ˜ğŸ˜ğŸ˜ğŸ”¥ğŸ”¥ğŸ”¥ğŸ”¥ğŸ”¥ğŸ”¥ğŸ”¥ğŸ”¥ğŸ”¥ğŸ”¥ğŸ”¥ğŸ”¥ğŸ”¥
https://www.instagram.com/p/CD2MxTsHYja/,Love you
https://www.instagram.com/p/CD1n0VcB05t/,Yes ğŸ‘
https://www.instagram.com/p/CD1n0VcB05t/,Learning what motivates people is fuel.
https://www.instagram.com/p/CD1n0VcB05t/,Money is not everything but everything needs money DM @secure_trade_with_debra to earn from home
https://www.instagram.com/p/CD1n0VcB05t/,âœŠâœŠğŸ¼âœŠğŸ½âœŠğŸ¾âœŠğŸ¿
https://www.instagram.com/p/CD1n0VcB05t/,"Came to the comments looking right wingers talking about ""that doesn't look like a vet"" or ""something something stolen valor"". Like everyone who stands for a cause has to inhumanly perfect or have resume tattooed to prove themselves to fox news. People who are willing to fight overseas for our country are probably willing to fight here and now for the people."
https://www.instagram.com/p/CD1n0VcB05t/,Thank you for your service to us all!ğŸ‘ğŸ½â¤ï¸ğŸ‘ğŸ½â¤ï¸
https://www.instagram.com/p/CD1n0VcB05t/,"@Investor_Justin_caplem Honestly receiving $3,250 after investing $300, is something I never expected. thank you I appreciate your trading skills and your team @Investor_Justin_caplem"
https://www.instagram.com/p/CD1n0VcB05t/,"Burn, murder, and loot!"
https://www.instagram.com/p/CD1n0VcB05t/,"ğ™½ğšğšŸğšğš› ğšğš‘ğš˜ğšğšğš‘ğš ğš’ ğšŒğš˜ğšğš•ğš ğš‹ğš ğšğšŠğš›ğš—ğš’ğš—ğš ğšğš‘ğš’ğšœ ğš–ğšğšŒğš‘ ğš ğšğšğš”ğš•ğš¢ ğš˜ğš— ğšğš˜ğš›ğšğš¡ ğšğš›ğšŠğšğš’ğš—ğš. ğšƒğš‘ğš’ğš—ğšğšœ ğš‘ğšŠğšœ ğšŠğšŒğšğšğšŠğš•ğš•ğš¢ ğšŒğš‘ğšŠğš—ğšğšğš ğšœğš’ğš—ğšŒğš ğš’ ğšœğšğšŠğš›ğšğšğš ğšğš›ğšŠğšğš’ğš—d ğš ğš’ğšğš‘ Michelle ; ğš’ğš—ğšŸğšğšœğšğš’ğš—ğš $ğŸ·ğŸ¶ğŸ¶ğŸ¶ ğšŠğš—ğš ğšğšğšğšğš’ğš—ğš $11,ğŸ»ğŸ¶ğŸ¶ ğšŠğšœ ğš›ğšğšğšğš›ğš— ğš’ğšœ ğšœğš˜ğš–ğšğšğš‘ğš’ğš—ğš ğš’ ğš—ğšğšŸğšğš› ğšğš¡ğš™ğšğšŒğšğšğšğš‹ @michelle_investment_trader"
https://www.instagram.com/p/CD1n0VcB05t/,Y r yâ€™all showing tattoos please protect the identity of protesters ğŸ™ğŸ¾
https://www.instagram.com/p/CD1n0VcB05t/,ğŸ™ŒğŸ¼ğŸ™ŒğŸ¼ğŸ™ŒğŸ¼ğŸ‘ğŸ¼ğŸ‘ğŸ¼ğŸ‘ğŸ¼
https://www.instagram.com/p/CD2MTgThmqa/,Biden 2020 ğŸ™ğŸ¼
https://www.instagram.com/p/CD2MTgThmqa/,Fuck ICE. Fuck 12. Fuck trump.
https://www.instagram.com/p/CD2MTgThmqa/,ğŸ™Œ DM us for @dumpa_trump stickers to slap around your city #fucktrump #fuckthepolice #fuckdonaldtrumpğŸ–•
https://www.instagram.com/p/CD2MTgThmqa/,Abolish ice
https://www.instagram.com/p/CD2MTgThmqa/,"Abolish ICE, defund police, humans arenâ€™t illegal"
https://www.instagram.com/p/CD2MTgThmqa/,#biden #biden2020 #gobiden #joebiden #JoeBiden2020
https://www.instagram.com/p/CD2MTgThmqa/,i will say this once more SOME OF THE PEOPLE THAT TRY TO GET INTO THE USA WANT TO KILL ALL OF US BECAUSE WE LIVE HERE. THEY RUIN IT FOR THE GOOD PEOPLE THAT ARE SEEKING A SAFE HAVEN NOT THE ICE OFFICERS THAT ARE SCARED SHITLESS OF MAKING A MISTAKE LETTING THE WRONG PEOPLE IN AND BEING THE REASON FOR THE NEXT TERRORIST ATTACK THAT HAPPENS ON US SOIL. WE CANNOT RISK NATIONAL SECURITY BECAUSE WE FEEL BAD FOR PEOPLE THIS WOULD COST US AMERICAN LIVES. but hey what does human life matter right if people wanna tear our country apart why not help them:))) @spacecowwwgirl
https://www.instagram.com/p/CD2MTgThmqa/,i think some people are forgetting that a lot of terrorist classified attacks are done by far right white christian american males and not immigrants. ABOLISH ICE.
https://www.instagram.com/p/CD2MTgThmqa/,"Biden for president yea i want a president who says dumb shit all the time like this ""If my opponent win they're gonna put you back in chains"" ""I got hairy blond legs that the kids used to rub them up and down in the pool"" ""Poor kids are just as bright and talented as white kids"". ""You can't work at a 7/11 without a slight indian accent"" And also called a black man a junkie for asking a simple question. Called a man fat for asking a simple question. Admits that we should we re-elect donald J. Trump and said he cant win. And lost his focus and called chris wallace chuck for some odd reason. And Joe Biden said he had the whole U.S population watching his live stream but it was 49. So why should we vote for him"
https://www.instagram.com/p/CD2QsrIhSxT/,Uh. No. It's not. Respect means don't shoot at police. Respect means follow commands. Respect means listen to them. Respect means you not threatening their life.
https://www.instagram.com/p/CD2QsrIhSxT/,#trump2020andbeyond
https://www.instagram.com/p/CD2QsrIhSxT/,"If this is what ""woke"" and ""educated"" means to you then your far behind..."
https://www.instagram.com/p/CD2QsrIhSxT/,Why the fuck did you dickheads put #acab in. Your clearly autistic if you think that suits
https://www.instagram.com/p/CD2QsrIhSxT/,I'm Reporting the account for false Information.
https://www.instagram.com/p/CD2QsrIhSxT/,"Bitcoin mining has changed my life, I invested $1200 and in just 7days of mining I realized $12,600 worth of bitcoin sent to my bitcoin wallet, sir, @gerchik_trades really appreciate your help. You are indeed a trader to be trusted"
https://www.instagram.com/p/CD2QsrIhSxT/,BACK THE BLUE!! VOTE OUT THE RASICST UNEDUACTED LIBTARD SNOWFLAKES!!!! TRUMP 2020 ğŸ‡±ğŸ‡·âœŠğŸ»
https://www.instagram.com/p/CD2QsrIhSxT/,#america #usa #blacklivesmatter #blm #justiceforgeorgefloyd #policebrutality #fuckracism #justiceforbreonnataylor #justiceforelijahmcclain #education #americaneducation #mlk #malcolmx #revolutionary #revolution #politics #blackpower #politics #acab #1312 #humanrights
https://www.instagram.com/p/CD2QsrIhSxT/,"Should Trans People Be Allowed In The Military?

Debate on my page"
https://www.instagram.com/p/CD2QsrIhSxT/,@erinblanchh
https://www.instagram.com/p/CD2QsrIhSxT/,A loyal and honest sugarbaby needed dm right now and get spoilt...
https://www.instagram.com/p/CD2QsrIhSxT/,Periodt
https://www.instagram.com/p/CD2QsrIhSxT/,It's all bullshit right!
https://www.instagram.com/p/CD2QsrIhSxT/,No itâ€™s not
https://www.instagram.com/p/CD2QsrIhSxT/,The truth hurts ğŸ‘ğŸ½
https://www.instagram.com/p/CD2QsrIhSxT/,No its not
https://www.instagram.com/p/CD2QsrIhSxT/,"Honestly, receiving Â£5000 after I invested Â£500 is something I never expected thanks for putting smile on my face @ashley_fx_woods"
https://www.instagram.com/p/CD2QsrIhSxT/,Truth
https://www.instagram.com/p/CD2QsrIhSxT/,I started with $1000 now I'm making $9800 every five days with @amy.investments
https://www.instagram.com/p/CD2QsrIhSxT/,Feminism is stupid asf
https://www.instagram.com/p/CD2QsrIhSxT/,Fun fact: every single rape that has ever happened is by rapists
https://www.instagram.com/p/CD2QsrIhSxT/,Bruh u guys are reporting my comments lmao
https://www.instagram.com/p/CD2QsrIhSxT/,This is not the same. There were 15 unarmed black people killed by police last year. A huge majority of them were resisting arrest. It is disgusting to compare a very small amount of the population getting killed for resisting arrest to thousands of women that are sexually assaulted each year â€œbecause of what they were wearingâ€
https://www.instagram.com/p/CD2QsrIhSxT/,"ğ™½ğšğšŸğšğš› ğšğš‘ğš˜ğšğšğš‘ğš ğš’ ğšŒğš˜ğšğš•ğš ğš‹ğš ğšğšŠğš›ğš—ğš’ğš—ğš ğšğš‘ğš’ğšœ ğš–ğšğšŒğš‘ ğš ğšğšğš”ğš•ğš¢ ğš˜ğš— ğšğš˜ğš›ğšğš¡ ğšğš›ğšŠğšğš’ğš—ğš. ğšƒğš‘ğš’ğš—ğšğšœ ğš‘ğšŠğšœ ğšŠğšŒğšğšğšŠğš•ğš•ğš¢ ğšŒğš‘ğšŠğš—ğšğšğš ğšœğš’ğš—ğšŒğš ğš’ ğšœğšğšŠğš›ğšğšğš ğšğš›ğšŠğšğš’ğš—d ğš ğš’ğšğš‘ Michelle ; ğš’ğš—ğšŸğšğšœğšğš’ğš—ğš $ğŸ·ğŸ¶ğŸ¶ğŸ¶ ğšŠğš—ğš ğšğšğšğšğš’ğš—ğš $11,ğŸ»ğŸ¶ğŸ¶ ğšŠğšœ ğš›ğšğšğšğš›ğš— ğš’ğšœ ğšœğš˜ğš–ğšğšğš‘ğš’ğš—ğš ğš’ ğš—ğšğšŸğšğš› ğšğš¡ğš™ğšğšŒğšğšğšğš‹ @michelle_investment_trader"
https://www.instagram.com/p/CD1z4QbjEDz/,How did her whole texture change? This is witchcraft
https://www.instagram.com/p/CD1z4QbjEDz/,This shit was hilarious
https://www.instagram.com/p/CD1z4QbjEDz/,she snapped
https://www.instagram.com/p/CD1z4QbjEDz/,@char_nella47 But what do you use on your curls!? ğŸ”¥ ğŸ˜
https://www.instagram.com/p/CD1z4QbjEDz/,youâ€™re so prettyğŸ¥º
https://www.instagram.com/p/CD1z4QbjEDz/,I liked it better at start of video
https://www.instagram.com/p/CD1z4QbjEDz/,SO PRETTY WHAT
https://www.instagram.com/p/CD1z4QbjEDz/,Gorgeous ğŸ˜ğŸ˜ğŸ˜
https://www.instagram.com/p/CD1z4QbjEDz/,beautiful ğŸ«
https://www.instagram.com/p/CD1z4QbjEDz/,Remove tagğŸ˜
https://www.instagram.com/p/CD1z4QbjEDz/,ğŸ˜ğŸ˜ğŸ˜ğŸ˜
https://www.instagram.com/p/CD1z4QbjEDz/,Holy SHEIT you look âœ¨gorgeousâœ¨
https://www.instagram.com/p/CD1z4QbjEDz/,I know lots of people have probably lost more to fraud than me I finally found a way to earn money online from home DM @secure_trade_with_debra
https://www.instagram.com/p/CD1z4QbjEDz/,THIS QUEEEEEN POPPPPED OFFFF
https://www.instagram.com/p/CD1z4QbjEDz/,AKIWOWJWOWHSISBSI SHES SO BEAUTIFUL YES YESSSS YESSSS
https://www.instagram.com/p/CD1z4QbjEDz/,She's better without the makeup t'ho
https://www.instagram.com/p/CD1z4QbjEDz/,ğŸ˜
https://www.instagram.com/p/CD1z4QbjEDz/,Cut up denğŸ”¥ğŸ”¥ğŸ˜ğŸ˜
https://www.instagram.com/p/CD1z4QbjEDz/,BROOOO THAT LOOKS AMAZING ğŸ˜ğŸ˜
https://www.instagram.com/p/CD1z4QbjEDz/,Everyone please help me thank @mangi_crypto for a successful withdrawal @mangi_crypto
https://www.instagram.com/p/CD1z4QbjEDz/,Money is not everything but everything needs money DM @secure_trade_with_debra to earn from home
https://www.instagram.com/p/CD1z4QbjEDz/,and i have the audacity to BREATHE
https://www.instagram.com/p/CD1z4QbjEDz/,omg youâ€™re gorgeous what
https://www.instagram.com/p/CD1z4QbjEDz/,Oh my God ğŸ˜
https://www.instagram.com/p/CD1VgQKDj61/,"What does he mean ""she's got a good line is stuff ""?"
https://www.instagram.com/p/CD1VgQKDj61/,"What's a ""good line of stuff""?"
https://www.instagram.com/p/CD1VgQKDj61/,You go out and yap!!! Thing that bugs you is you canâ€™t canâ€™t grab her from anywhere and she wouldnâ€™t give you the time of day!
https://www.instagram.com/p/CD1VgQKDj61/,Loser has to fund the post officeğŸ˜‚ğŸ˜‚ğŸ’€ğŸ’€
https://www.instagram.com/p/CD1VgQKDj61/,Obama built the Greatest Economy! Trump destroyed it!
https://www.instagram.com/p/CD1VgQKDj61/,He is not gentlemanly at all. A poor excuse of a male.
https://www.instagram.com/p/CD1VgQKDj61/,there is nothing i love more than this woman
https://www.instagram.com/p/CD1VgQKDj61/,"Yeah, I read her reply challenging Trump."
https://www.instagram.com/p/CD1VgQKDj61/,"I don't always agree with all of her stances, but by God if she isn't the queen of clapbacks."
https://www.instagram.com/p/CD1VgQKDj61/,Call him out AOC!ğŸ‘ğŸ‘ğŸ»ğŸ‘ğŸ»
https://www.instagram.com/p/CD1VgQKDj61/,ğŸ˜‚ğŸ˜‚ğŸ˜‚ğŸ˜‚
https://www.instagram.com/p/CD1VgQKDj61/,The way Trump acts tells me his penis is either deformed or extremely tiny..
https://www.instagram.com/p/CD1VgQKDj61/,He would know about yapping.
https://www.instagram.com/p/CD1VgQKDj61/,She is very super ignorant though and we all know that's so true!!
https://www.instagram.com/p/CD1VgQKDj61/,She's just the best
https://www.instagram.com/p/CD1VgQKDj61/,"Sheâ€™s as thick as Bernie, and the only reason people listen to her is she has a cracking set of tits, otherwise sheâ€™s thick as two short planks"
https://www.instagram.com/p/CD1VgQKDj61/,Sheâ€™s got a REAL degree in economics and wasnâ€™t paying her teachers to give it to her jackass back the fuck up @realdonaldtrump
https://www.instagram.com/p/CD1VgQKDj61/,I absolutely love her comeback
https://www.instagram.com/p/CD1VgQKDj61/,"Horrifically petty, confused man. Way, way, way beyond time for a change. VOTE BLUE!"
https://www.instagram.com/p/CD1VgQKDj61/,"Really. Go ahead and take AOC on. She public hulimlated two of your Cogressional Sycophants in less than 5 minutes. She can do that to Trump in 90 seconds. And I despise het politics, but I respect a smart and dedicated public servant who does her best for those she represents and her Oath to the Constitution. An Oath you have betrayed Trump. This election is not about POLITICS it is about choosing the Republic or Trump."
https://www.instagram.com/p/CD1VgQKDj61/,ğŸ‡ºğŸ‡¸ğŸ‡ºğŸ‡¸ğŸ‡ºğŸ‡¸ğŸ‡ºğŸ‡¸ğŸ‡ºğŸ‡¸ TRUMP2020 ğŸ‡ºğŸ‡¸ğŸ‡ºğŸ‡¸ğŸ‡ºğŸ‡¸ğŸ‡ºğŸ‡¸ğŸ‡ºğŸ‡¸
https://www.instagram.com/p/CD1VgQKDj61/,@realdonaldtrump cmon buddy release your transcript. Cmon she didnt even ask for your tax returns just your transcript. Surly you can do that right??
https://www.instagram.com/p/CD1VgQKDj61/,"Won't happen, @realdonaldtrump doesn't even release his own pee without Mitch or Vlad saying it's okay"
https://www.instagram.com/p/CD1VgQKDj61/,Hold up...whoâ€™s president?ğŸ˜‚ not AOC
https://www.instagram.com/p/CDzj1jngG2d/,"And first off supporting strict marijuana laws, well, we can just say she doesnâ€™t want to allow too many ppl to get wasted. That sounds irrelevant but she actually had an important point when it came to the potential economic impact on industries other than Big Weed:
Hereâ€™s a narrowed down scenario: if way too many ppl are going to work wasted on marijuana, it is possible that the local, state, or even national economies could take a massive hit as businesses arenâ€™t able to sell their products because of problems due to the ppl going to work on weed, an example being a drastic drop in product quality"
https://www.instagram.com/p/CDzj1jngG2d/,She's just a black version of John Edwards
https://www.instagram.com/p/CDzj1jngG2d/,"Sheâ€™s not a radical leftist, but ok lol"
https://www.instagram.com/p/CDzj1jngG2d/,Sheâ€™s also advocating for longer school days by 3 hours ğŸ‘
https://www.instagram.com/p/CDzj1jngG2d/,sheâ€™s not even remotely progressive by any means
https://www.instagram.com/p/CDzj1jngG2d/,radical leftist??! shes right wing as biden lol
https://www.instagram.com/p/CDzj1jngG2d/,Wow she is horrible!!!!
https://www.instagram.com/p/CDzj1jngG2d/,She is a terrorist
https://www.instagram.com/p/CDzj1jngG2d/,"He's a better trading manager, Contact him if you want to gain financial stability early in life @liamengelkramer"
https://www.instagram.com/p/CDzj1jngG2d/,Lmao imagine thinking kamala is a socialist
https://www.instagram.com/p/CDzj1jngG2d/,"So people canâ€™t change their minds? Whatâ€™s wrong with becoming educated and changing your mind on racism and police brutality? If anything, thatâ€™s much better. smh."
https://www.instagram.com/p/CDzj1jngG2d/,She hates trump socks ğŸ˜¢
https://www.instagram.com/p/CDzj1jngG2d/,Yes! Trump 2020!ğŸ‡ºğŸ‡¸
https://www.instagram.com/p/CDzj1jngG2d/,sheâ€™s a hypocrite. ğŸ™„
https://www.instagram.com/p/CDzj1jngG2d/,"Now hereâ€™s something you canâ€™t oppose, whether you are with her or not those are facts on many websites"
https://www.instagram.com/p/CDzj1jngG2d/,ğŸ‘ğŸ‘ğŸ‘ğŸ‘ğŸ‘ğŸ‘ğŸ‘
https://www.instagram.com/p/CDzj1jngG2d/,"Fighting for the people while commuting hundreds of counts of fraud as AG of calofornia and protecting corupt officials. Not to mention having an affair with san Francisco mayor Willie brown whilst pushing laws against women having consentual sex for money in safer brothels pushing onto the streets. Also pushing for maximized sentences for non violent crimes, worst of all she violated the first, forth and fifth amendments of the US constitution."
https://www.instagram.com/p/CDzj1jngG2d/,How does wanting to cut 10% of pentagon spending make her weak?
https://www.instagram.com/p/CDzj1jngG2d/,#JOEANDTHEHOE
https://www.instagram.com/p/CDzj1jngG2d/,"My Love just told me
Biden got a Hebrew woman,
a black woman,
as his VP. . .
WHAT A MOVE!
Does anyone know
It is chess that he's playing?
But it is not just him,
But we'll stick to em
For the sake of this poem.
He knows what he's doing,
After we put Obama on the throne.
He knows the Hebrew
(He knows the black)
Vote matters -
Without a doubt.
Mann a Hebrew. . .
A black woman as vice president?
He know we bout to come out,
Line up in droves
As we did in 08.
Only difference is instead of a paper ballot
A screen will be infront of our face. . .
Family.
Understand we are STILL in the land of our captivity
And NO justice will come from him
Or any politician.
Understand regardless of the face
We're voting for the same system.
What has really changed?
Our life has gotten worse it seems.
Before, our reproach was in plain sight;
Now, white supremacy has it behind the scenes.
""NO!""
this is still our punishment place
Due to our disobedience
towards Our Elohiym.
Hundreds of years later
And we still have other gods,
We still eat forbidden
Abominable food,
We still have carved images,
We still disregard Yah's commandments!
Judgement day is coming
Yet we're caught up in the election!
""NO!""
Stay awake
And turn off the tube,
Hypnosis on our people. . .
Scripture says under the sun
Nothing is new.
""NO!""
READ ""the bible.""
Take it away from religion
And the heathen.
It is Our history book,
Instructions on how we're meant to be living.
Thank Yah for time now,
But soon it will run out. . .
And I don't know about you,
But I don't want to still be in this land
When The Most High turns it about.
- #PoeticPuff
2 Chronicles 7:14-15"
https://www.instagram.com/p/CDzj1jngG2d/,Make no mistake America this is a radical leftist the media will try to portray as a centrist. They will lie cheat deceive you to take down America!
https://www.instagram.com/p/CDzj1jngG2d/,#BidenHarris2020 destroying black families & neighborhoods since 1994.
https://www.instagram.com/p/CDzj1jngG2d/,That she will clean streets of rioters and lock them all blm in prison
https://www.instagram.com/p/CDzj1jngG2d/,She isnâ€™t a socialist you guys are a jokeğŸ¤¡
https://www.instagram.com/p/CDz3OIcnr-M/,Of course itâ€™s a white dude who said this ğŸ™„
https://www.instagram.com/p/CDz3OIcnr-M/,"Thank you for encouraging civil discourse and understanding! As a therapist I see so much stress and depression in people as a result of the way news is reported and social media outrage around issues. Itâ€™s incredibly understandable that this happens. If people were able to integrate the information shared in this post, I believe it would likely lead to a collective reduction in our stress levels and improvements in mental health. â¤ï¸"
https://www.instagram.com/p/CDz3OIcnr-M/,"I really appreciate all her efforts with
the little investment of $1000 with joy all over
me after withdrawing $9000 through the help
of @amy.investments"
https://www.instagram.com/p/CDz3OIcnr-M/,"Fair play, this is a decent account overall. Pretty even, doesnâ€™t lean left or right. Much respect ğŸ‘"
https://www.instagram.com/p/CDz3OIcnr-M/,Trumps a ğŸ¤¡! Not mad just the truth
https://www.instagram.com/p/CDz3OIcnr-M/,"This is so historically and currently inaccurate. People have never agreed to disagree in the past, nor will they now. Moral outrage at injustices is completely natural and people shouldnâ€™t be hushed when they show blatant anger at those doing these very injustices. Change doesnâ€™t come by silencing yourself so the bad guys donâ€™t get mad. How do you think all of these revolutions and mass movements happened in the name of civil rights? Do you really think agreeing to disagree with each other is going to get us anywhere? This is such apolitical nonsense. Politics is similar to an iceberg: you have to get to the bottom of it if you want to see real change, and staying silent in order to compromise with your opposition wonâ€™t get you anywhere.ğŸ™„ğŸ™„ğŸ™„"
https://www.instagram.com/p/CDz3OIcnr-M/,Sorry Iâ€™m not taking shit from someone who quotes winston Churchill ğŸ¤¢ğŸ¤¢
https://www.instagram.com/p/CDz3OIcnr-M/,"@mirtasan With respect, I now see that thereâ€™s a typo that changes the meaning of your argument. â€œFor example, transgender human beings shouldâ€ change should to â€œshouldnâ€™t be denied healthcare.â€ Once the mistake is corrected I will delete this comment."
https://www.instagram.com/p/CDz3OIcnr-M/,Oop
https://www.instagram.com/p/CDz3OIcnr-M/,"from my vantage point as far as outrage goes, itâ€™s not so much the opposing views but some of the lack of critical thought thatâ€™s going behind it. Obviously, the step to deal w that is to ask questions for clarification, but man, I gotta say thereâ€™s some really interesting opinions that are missing critical data - cognitive dissonance at a level that is so crazy."
https://www.instagram.com/p/CDz3OIcnr-M/,Being offended doesn't mean you're right. Just because you've being offensive doesn't mean you're right.
https://www.instagram.com/p/CDz3OIcnr-M/,Love this. â¤ï¸
https://www.instagram.com/p/CDz3OIcnr-M/,"As little as political opinions have changed, the reactions to opposing opinions have changed. People were fucking outraged in the past, too. They just didn't have social media to voice their outrage. ğŸ™„"
https://www.instagram.com/p/CDz3OIcnr-M/,This is insulting concern trolling. â€œWhat happened to the good olâ€™ days when we listened intently to the rascist/sexist/anti-intellectual/justplainstupid views of others and acted like they had a valid point?
https://www.instagram.com/p/CDz3OIcnr-M/,"I'm not going to ""respect"" or ""understand"" someone that's racist, xenophobic, or sexist... Because that's not ethical. Simple as that! They will need to meet the minimum standards of humanity for me to respect their opinions."
https://www.instagram.com/p/CDz3OIcnr-M/,Mark Manson sounds like a white guy with all his basic needs being met. How does it feel to have basic human rights?
https://www.instagram.com/p/CDz3OIcnr-M/,"Rightwing white guy: *says something extremely harmful that is either racist, homophobic or transphobic*
Someone in a oppressed minority: *gets offended*
The whole rightwing movement:
SNOW FLLLAAKKKEEE AHAHAHA
LIBTARDS CANT HANDLE ANYTHING LOL TRUMP2020
AHAHAVAHSHAHSD"
https://www.instagram.com/p/CDz3OIcnr-M/,Peak whiteness
https://www.instagram.com/p/CDz3OIcnr-M/,"Thank you so much you have done it again for me thank you for the profit of $5,000 @qualified.liamfx you have done so much already in just a short time God bless you and your good work we love you @qualified.liamfx"
https://www.instagram.com/p/CDz3OIcnr-M/,Amen!!!
https://www.instagram.com/p/CDz3OIcnr-M/,"You having an â€œopinionâ€ that abortion should be illegal thatâ€™s just and opinion to you. However, to a women thatâ€™s her losing control of her own body. You being against gay couples adopting could be just that to you, but to a gay person thatâ€™s their right to a family. I hope this helps you understand it in the shortest way possible. What means nothing to you could mean everything to someone else. Your privilege is showing."
https://www.instagram.com/p/CDz3OIcnr-M/,"THE OCCULT FESTIVAL IS HERE AGAIN! Join the ILLUMINATI for Wealth and Riches, Fame, Power and all round Success. New member(s) receive undeniable financial rewards of $650000 in addition with other material and financial benefits given to them immediately after their initiation. The primary aim of these benefits is to help them fit the class and status of the club members. Note that the higher you go in the society, the better your life becomes. For more details on how to join, send a mail to thenewworldorderof666@gmail.com or message an agent directly on WhatsApp with +2349093589155. Make good use of this great opportunity and have all your desires in life.
. ""NO HUMAN SACRIFICES""."
https://www.instagram.com/p/CDz3OIcnr-M/,Thank you for posting this.
https://www.instagram.com/p/CDz3OIcnr-M/,yâ€™all need to add disclaimers to this. all youâ€™re doing is giving bigots a platform and validating their beliefs. there is no â€œroom for conversationâ€ when the conversation is centered around whether or not people deserve a basic standard of life. or whether or not people deserve marriage rights or equality. there is no room to compromise on human rights.
https://www.instagram.com/p/CDzA3koAAs1/,What about her support of SESTA/FOSTA and EARN IT?
https://www.instagram.com/p/CDzA3koAAs1/,Kamala is trash. She doesn't stand for the people
https://www.instagram.com/p/CDzA3koAAs1/,"Joe Biden wrote the crime bill and championed the War on Drugs that Kamala Harris used to arrest and lock away poor people and minorities. They make a perfect pair. Kamala hid evidence of sexual assault by Catholic priests from victims' families. I can't see anyone who legitimately wants police accountability supporting this duo. If you don't want to vote for more police powers, cast your vote for @jojorgensenforpresident2020 #endtwopartyrule #endtheduopoly #votelibertarian #JoNotJoe"
https://www.instagram.com/p/CDzA3koAAs1/,Didnâ€™t she support programs that mass incarcerated many minorities??
https://www.instagram.com/p/CDzA3koAAs1/,#justiceforcannon
https://www.instagram.com/p/CDzA3koAAs1/,yeah man i love cops
https://www.instagram.com/p/CDzA3koAAs1/,"Lol do you remember when Kamala called Joe Biden racist? ğŸ˜‚ Iâ€™m sure you donâ€™t. Iâ€™m sure she was just kidding, although it was in a primary debate ğŸ’€"
https://www.instagram.com/p/CDzA3koAAs1/,"Do you need spiritual help, spell caster to cure all kind of diseases. *pregnancy spell
*Financial spell *promotion spell
*Voodoo spell
*Ex back spell
*Love spell
*Reconsciliation spell
*Lottery spell
*Revenge spell
*Herbs
*Cancer and fibroid cure
*Curse breaker
*weightloss and more.add her on WhatsApp +2348150678467 or add her on hangout Email:aomo53280@gmail.com"
https://www.instagram.com/p/CDzA3koAAs1/,Everybody is falling for it fuck this bitch yâ€™all putting a blue lives matter racist up there but Ight
https://www.instagram.com/p/CDzA3koAAs1/,LIESSSSS
https://www.instagram.com/p/CDzA3koAAs1/,"Youtube ""tulsi gabbard kamala harris"
https://www.instagram.com/p/CDzA3koAAs1/,"For those who want the Biden T-shirt, please visit my account, you will find it"
https://www.instagram.com/p/CDzA3koAAs1/,"Youtube ""tulsi gabbard kamala harris"
https://www.instagram.com/p/CDzA3koAAs1/,â¤ï¸â¤ï¸â¤ï¸
https://www.instagram.com/p/CDzA3koAAs1/,"Hopefully I came out successful thanks to a good friend and a good manager. i never thought I could make money online but here I am itâ€™s clearly not true, Bitcoin trade is real... contact the boss @krypto__grace"
https://www.instagram.com/p/CDzA3koAAs1/,What bad things has she done? I keep seeing people say shes horrible but idk about what she did. Besides being a politician pf course.
https://www.instagram.com/p/CDzA3koAAs1/,Can you please also mention the innocent black men she put in prison? Thanks.
https://www.instagram.com/p/CDzA3koAAs1/,Yâ€™all are drunk. Right? This is a joke ğŸ˜‚
https://www.instagram.com/p/CDzA3koAAs1/,â¤ï¸â¤ï¸â¤ï¸â¤ï¸â¤ï¸â¤ï¸â¤ï¸
https://www.instagram.com/p/CDzA3koAAs1/,Kamala's Senate record is amazing . Read it. Link is in my bio
https://www.instagram.com/p/CDzA3koAAs1/,"Find it funny that she seems to be the Presidential nominee and not demented @joebiden

Kamala Harris & Donald Trump are same.

Police friendly @KamalaHarris will safeguard white privileges.

She will ensure lots of black people in jail so her rich donors have access to cheap labor.

She will protect banks while they drink blood of poor Americans. 0.1% will be served"
https://www.instagram.com/p/CDzA3koAAs1/,KAMALA IS A ğŸ¤¡. Accepts the VP nomination from a man who SHE believes sexually assualted women.
https://www.instagram.com/p/CDzA3koAAs1/,She sounds wonderful!!! Love from Australia! I hope y'all are ok!ğŸ’•
https://www.instagram.com/p/CDzA3koAAs1/,"Love how you combat her insane policies and her awful economic plans with the idea that she'd be the first Black and South Asian woman to be VP... are we going to ignore those policies, ignore her giving the notions that Biden is a racist, supporting the idea he sexually assaulted women, and got the Kickstart her career needed by dating Willie Brown (who was at the time married), who appointed her to several different positions that brought in good money for her?"
https://www.instagram.com/p/CD0GT12nGDX/,What light about Shaun king?
https://www.instagram.com/p/CD0GT12nGDX/,"There's a big difference between working with someone reliable and one who's not. This is really amazing I just got another $10,000 within 5days. Thanks @henry_ray_investment"
https://www.instagram.com/p/CD0GT12nGDX/,"While waiting for your salary you can earn up to $10,500 in 5 working days, despite the COVID-19 situation you can still make more money without going out @henry_ray_investment"
https://www.instagram.com/p/CD0GT12nGDX/,They want to pay their college players now too
https://www.instagram.com/p/CD0GT12nGDX/,"I really appreciate all her efforts with
the little investment of $1000 with joy all over
me after withdrawing $9000 through the help
of @amy.investments"
https://www.instagram.com/p/CD0GT12nGDX/,"Save the word is a fucking strength, but other than that I see the point. But stop making it a black woman thing"
https://www.instagram.com/p/CD0GT12nGDX/,Government ran schools arenâ€™t really schools? You donâ€™t say?
https://www.instagram.com/p/CD0GT12nGDX/,That Mike Yoke tweet was the most accurate shit up thereâ—ï¸
https://www.instagram.com/p/CD0GT12nGDX/,@katherineaenglish lol
https://www.instagram.com/p/CD0GT12nGDX/,The money that football brings in to a collage is what funds other programs at that collage. Like science art programs and others. So yes football is very important to help fund the rest of the school. Or so I've been told. I could be wrong maybe it doesn't.
https://www.instagram.com/p/CD0GT12nGDX/,ğŸ™ŒğŸ™ŒğŸ™ŒğŸ™ŒğŸ‘ğŸ‘ğŸ‘
https://www.instagram.com/p/CD0GT12nGDX/,I would not exactly compare Meg The Stallion to say Captain PlanetğŸ™„! But she makes a good point. ğŸ˜‚
https://www.instagram.com/p/CD0GT12nGDX/,"I'm super excited right now, I can now pay my bills and take good care of my family. Thanks you for bringing happiness to my home. With just an investment of $ 800 Igot 12,000 in 7 days @gary___tomson_"
https://www.instagram.com/p/CD0GT12nGDX/,There is another option - @jorgensen_2020 #LetHerSpeak
https://www.instagram.com/p/CD0GT12nGDX/,@hayleymdaniels the 8th one is you
https://www.instagram.com/p/CD0GT12nGDX/,ğŸ˜‚ğŸ˜‚ The apartment one! Theyâ€™re all really good!
https://www.instagram.com/p/CD0GT12nGDX/,Theyâ€™re both bad examples...itâ€™s not like itâ€™s one or other
https://www.instagram.com/p/CD0GT12nGDX/,@magpi23 the third one is meğŸ˜‚
https://www.instagram.com/p/CD0GT12nGDX/,"Thank you so much you have done it again for me thank you for the profit of $5,000 @qualified.liamfx you have done so much already in just a short time God bless you and your good work we love you @qualified.liamfx"
https://www.instagram.com/p/CD0GT12nGDX/,Can someone explain to me why Shaun King is bad? I canâ€™t find anything on google
https://www.instagram.com/p/CD0GT12nGDX/,"ğ–¥ğ—ˆğ—‹ğ–¾ğ—‘ ğ—ğ—‹ğ–ºğ–½ğ—‚ğ—‡ğ—€ ğ—‰ğ—‹ğ—ˆğ–¿ğ—‚ğ— ğ—ğ–ºğ—Œ ğ–ºğ—…ğ—ğ–ºğ—’ğ—Œ ğ–»ğ–¾ğ–¾ğ—‡ ğ—‹ğ–¾ğ–¼ğ—‚ğ–¾ğ—ğ–¾ğ–½ ğ–¿ğ—ˆğ—‹ ğ–¾ğ—ğ–¾ğ—‹ğ—’ ğ—ğ—‹ğ–ºğ—‡ğ—Œğ–ºğ–¼ğ—ğ—‚ğ—ˆğ—‡ ğ—ğ—‚ğ—ğ— @rachael_zachary_fx $1000 ğ—‚ğ—‡ğ—ğ–¾ğ—Œğ—ğ—†ğ–¾ğ—‡ğ— ğ—€ğ—ˆğ— ğ—†ğ–¾ $10,500 ğ—‚ğ—‡ 3 ğ–½ğ–ºğ—’ğ—Œ"
https://www.instagram.com/p/CD0GT12nGDX/,Nigga most big rappers is black men tf do you mean ğŸ˜‚ğŸ˜‚
https://www.instagram.com/p/CD0GT12nGDX/,I was down and under at a point until I was introduced to him($500-$4500) and my like took a better turn I highly recommend you'll to @henry_ray_investment
https://www.instagram.com/p/CD0GT12nGDX/,"ğƒğ®ğ ğ­ğ¨ ğ©ğšğ§ğğğ¦ğ¢ğœ, ğˆ ğğğœğ¢ğğğ ğ­ğ¨ ğ ğ¢ğ¯ğ ğ›ğ¢ğ§ğšğ«ğ² ğ­ğ«ğšğğ¢ğ§ğ  ğš ğ­ğ«ğ² ğ°ğ¢ğ­ğ¡ $500 ğ¬ğ­ğšğ«ğ­-ğ®ğ© ğœğšğ©ğ¢ğ­ğšğ¥ @rachael_zachary_fx ğˆ ğ°ğšğ¬ ğšğ›ğ¥ğ ğ­ğ¨ ğœğšğ¬ğ¡ ğ¨ğ®ğ­ $5,600 ğšğŸğ­ğğ« 3 ğğšğ²ğ¬ ğ°ğ¢ğ­ğ¡ ğš ğ¥ğ¢ğœğğ§ğ¬ğğ ğšğœğœğ¨ğ®ğ§ğ­ ğ¦ğšğ§ğšğ ğğ« @rachael_zachary_fx"
https://www.instagram.com/p/CD1dVFQBuoS/,ğŸ˜¢ğŸ˜¢ğŸ˜¢ğŸ˜¢ğŸ˜¢
https://www.instagram.com/p/CD1dVFQBuoS/,#tbt #throwbackthursday #throwback #hubs #husbands #chicago #chitown #ladygaga #gaga #boystrip #chromatica #chromaticaball #winning #love #loveislove #ily #gay #instagay #gaystagram #gaysofinsta #cancelled #brbcrying #biden2020
https://www.instagram.com/p/CD1dVFQBuoS/,Bright side... ya look cute ğŸ˜
https://www.instagram.com/p/CD1dVFQBuoS/,AmazIng smiles â¤ï¸
https://www.instagram.com/p/CD1dVFQBuoS/,NOmatica ğŸ™ˆ
https://www.instagram.com/p/CD1dVFQBuoS/,Verified
https://www.instagram.com/p/CD1dVFQBuoS/,ğŸ¤©ğŸ¤©ğŸ¤©ğŸ¤©
https://www.instagram.com/p/CD1dVFQBuoS/,Verified
https://www.instagram.com/p/CD1dVFQBuoS/,You and @ladygaga both look so good in @stubbsandwootton â¤ï¸
https://www.instagram.com/p/CD1dVFQBuoS/,Love the colorsğŸ˜â¤ï¸â¤ï¸â¤ï¸
https://www.instagram.com/p/CD1dVFQBuoS/,ğŸ’—â¤ï¸â¤ï¸â¤ï¸â¤ï¸
https://www.instagram.com/p/CDzzdv8AIK-/,#kamala #kamalaharris #kamalaharris2020 #biden #biden2020 #bidenharris2020 #natterdoodle #natterdoodleblue #sprinklepositivityconfetti #vote #voteblue2020
https://www.instagram.com/p/CDzzdv8AIK-/,YEAASSSSSSS!!!!!! â™¥ï¸
https://www.instagram.com/p/CDzzdv8AIK-/,So refreshing to see adults speaking. #bidenharris2020
https://www.instagram.com/p/CDzzdv8AIK-/,"While waiting for your salary you can earn up to $10,500 in 5 working days, despite the COVID-19 situation you can still make more money without going out @henry_ray_investment"
https://www.instagram.com/p/CDzzdv8AIK-/,Thank you for sharing!!!
https://www.instagram.com/p/CDzzdv8AIK-/,I love Bidenâ€™s name is tiny.
https://www.instagram.com/p/CDzzdv8AIK-/,â¤ï¸
https://www.instagram.com/p/CDzzdv8AIK-/,Lovvvvvvvveeeee - will this be made into a sign? Bc I need it!!! Or a sticker?!?!
https://www.instagram.com/p/CDzzdv8AIK-/,@juwzkh
https://www.instagram.com/p/CDzzdv8AIK-/,Obsessed.
https://www.instagram.com/p/CDzzdv8AIK-/,â¤ï¸â¤ï¸â¤ï¸â¤ï¸
https://www.instagram.com/p/CDzzdv8AIK-/,"yesss!! I love this. I actually just posted something called ""Why Young People Desperately Need to Vote,"" if any of you are interested :)"
https://www.instagram.com/p/CDzzdv8AIK-/,ğŸ¤©ğŸ¤©ğŸ¤©ğŸ¤©
https://www.instagram.com/p/CDzzdv8AIK-/,@amyphillipsgary
https://www.instagram.com/p/CDzzdv8AIK-/,ğŸ‘ğŸ‘ğŸ‘
https://www.instagram.com/p/CDzzdv8AIK-/,"When the VP announcement was made and I told my 11-year-old daughter, in her excitement she said, â€œso mom, we arenâ€™t voting for him, weâ€™re voting for HER.â€ A friend sent me this picture and said it made her think of my daughterâ€™s thought, exactly! When I showed my daughter, she loved it! Now off to find a t-shirt for her!"
https://www.instagram.com/p/CDzzdv8AIK-/,Cried tears of joy the entire speech yesterday!
https://www.instagram.com/p/CDzzdv8AIK-/,â¤ï¸ğŸŒˆğŸ‘ğŸ‘ğŸŒˆâ¤ï¸
https://www.instagram.com/p/CDzzdv8AIK-/,Super excited that @lannimade added kid sizes to the shop today!! Yay!
https://www.instagram.com/p/CDzzdv8AIK-/,ğŸ‘ğŸ’ªğŸ‡«ğŸ‡®ğŸ‡«ğŸ‡®
https://www.instagram.com/p/CDzzdv8AIK-/,Where can I get this sign???
