trump,https://www.instagram.com/p/CD2d8EVJuQk/
trump,https://www.instagram.com/p/CD2Kt6-g0e-/
trump,https://www.instagram.com/p/CD159wNpcPP/
trump,https://www.instagram.com/p/CD1zov1l2v1/
trump,https://www.instagram.com/p/CD16yDig7iQ/
trump,https://www.instagram.com/p/CD2YqMDAbHg/
trump,https://www.instagram.com/p/CD1ujKzAbKj/
trump,https://www.instagram.com/p/CD1-_RQDB_J/
trump,https://www.instagram.com/p/CD2Vkw-lXvF/
politics,https://www.instagram.com/p/CD1VbnoALL-/
politics,https://www.instagram.com/p/CD1pAgggd9D/
politics,https://www.instagram.com/p/CD1gZ-CKy3Q/
politics,https://www.instagram.com/p/CD1i8rEH1_T/
politics,https://www.instagram.com/p/CD2FxLBh4gl/
politics,https://www.instagram.com/p/CD2d8EVJuQk/
politics,https://www.instagram.com/p/CD1UZ46nM-1/
politics,https://www.instagram.com/p/CD1lWQ9DZli/
politics,https://www.instagram.com/p/CD1gxF7hri3/
trump2020,https://www.instagram.com/p/CD1vEwVg7dq/
trump2020,https://www.instagram.com/p/CD1aluNAOxG/
trump2020,https://www.instagram.com/p/CD2FzftDTtI/
trump2020,https://www.instagram.com/p/CD1zov1l2v1/
trump2020,https://www.instagram.com/p/CD15aIynsVl/
trump2020,https://www.instagram.com/p/CD15Sr7g25F/
trump2020,https://www.instagram.com/p/CD2UHZHDkSf/
trump2020,https://www.instagram.com/p/CD2ZpTvgsbr/
trump2020,https://www.instagram.com/p/CD1ZxBPgJNb/
blacklivesmatter,https://www.instagram.com/p/CD2JBPxpNjO/
blacklivesmatter,https://www.instagram.com/p/CD15yn2JzuY/
blacklivesmatter,https://www.instagram.com/p/CD1sHf1hDDd/
blacklivesmatter,https://www.instagram.com/p/CD13cNHp995/
blacklivesmatter,https://www.instagram.com/p/CD14dlWlOR3/
blacklivesmatter,https://www.instagram.com/p/CD2QsrIhSxT/
blacklivesmatter,https://www.instagram.com/p/CD1z4QbjEDz/
blacklivesmatter,https://www.instagram.com/p/CD2MxTsHYja/
blacklivesmatter,https://www.instagram.com/p/CD1n0VcB05t/
biden2020,https://www.instagram.com/p/CD1vEwVg7dq/
biden2020,https://www.instagram.com/p/CDzj1jngG2d/
biden2020,https://www.instagram.com/p/CDz3OIcnr-M/
biden2020,https://www.instagram.com/p/CD1VgQKDj61/
biden2020,https://www.instagram.com/p/CD2MTgThmqa/
biden2020,https://www.instagram.com/p/CDzA3koAAs1/
biden2020,https://www.instagram.com/p/CD0GT12nGDX/
biden2020,https://www.instagram.com/p/CD1dVFQBuoS/
biden2020,https://www.instagram.com/p/CDzzdv8AIK-/
